URL,Version,Status,OIDs,Name,Title,Description,Used
http://hl7.org/fhir/address-type,4.0.1,active,"2.16.840.1.113883.4.642.4.70",AddressType,AddressType,"The type of an address (physical / postal).","ValueSet/address-type"
http://hl7.org/fhir/address-use,4.0.1,active,"2.16.840.1.113883.4.642.4.68",AddressUse,AddressUse,"The use of an address.","ValueSet/address-use"
http://hl7.org/fhir/appointmentstatus,4.0.1,draft,"2.16.840.1.113883.4.642.4.485",AppointmentStatus,AppointmentStatus,"The free/busy status of an appointment.","ValueSet/appointmentstatus"
http://hl7.org/fhir/composition-attestation-mode,4.0.1,draft,"2.16.840.1.113883.4.642.4.239",CompositionAttestationMode,CompositionAttestationMode,"The way in which a person authenticated a composition.","ValueSet/composition-attestation-mode"
http://hl7.org/fhir/composition-status,4.0.1,draft,"2.16.840.1.113883.4.642.4.242",CompositionStatus,CompositionStatus,"The workflow/clinical status of the composition.","ValueSet/composition-status"
http://hl7.org/fhir/document-relationship-type,4.0.1,draft,"2.16.840.1.113883.4.642.4.245",DocumentRelationshipType,DocumentRelationshipType,"The type of relationship between documents.","ValueSet/document-relationship-type"
http://hl7.org/fhir/encounter-location-status,4.0.1,draft,"2.16.840.1.113883.4.642.4.263",EncounterLocationStatus,EncounterLocationStatus,"The status of the location.","ValueSet/encounter-location-status"
http://hl7.org/fhir/identifier-use,4.0.1,active,"2.16.840.1.113883.4.642.4.58",IdentifierUse,IdentifierUse,"Identifies the purpose for this identifier, if known .","ValueSet/identifier-use"
http://hl7.org/fhir/list-mode,4.0.1,draft,"2.16.840.1.113883.4.642.4.319",ListMode,ListMode,"The processing mode that applies to this list.","ValueSet/list-mode"
http://hl7.org/fhir/participantrequired,4.0.1,draft,"2.16.840.1.113883.4.642.4.489",ParticipantRequired,ParticipantRequired,"Is the Participant required to attend the appointment.","ValueSet/participantrequired"
http://hl7.org/fhir/participationstatus,4.0.1,draft,"2.16.840.1.113883.4.642.4.487",ParticipationStatus,ParticipationStatus,"The Participation status of an appointment.","ValueSet/participationstatus"
http://hl7.org/fhir/request-priority,4.0.1,draft,"2.16.840.1.113883.4.642.4.116",RequestPriority,RequestPriority,"Identifies the level of importance to be assigned to actioning the request.","ValueSet/BRCaraterAtendimentoMIRA"
http://hl7.org/fhir/slotstatus,4.0.1,draft,"2.16.840.1.113883.4.642.4.483",SlotStatus,SlotStatus,"The free/busy status of the slot.","ValueSet/slotstatus"
http://loinc.org,3.1.0,active,"2.16.840.1.113883.6.1",LOINC,Logical Observation Identifiers, Names and Codes (LOINC),"LOINC provides a set of universal names and ID codes for identifying laboratory and clinical test results.1,2 LOINC facilitates the exchange and pooling of results, such as blood hemoglobin, serum potassium, or vital signs, for clinical care, outcomes management, and research. LOINC's universal identifiers (names and codes) can be used in the context of order and observation exchanges between information systems that use syntax standards such as HL73, CEN TC251, ISO TC215, ASTM4, and DICOM. Specifically, the identifier can be used as the coded value for an observation in any other standard that uses the observation/observation value paradigm, whether messages, documents, application programming interface (API), etc. For example, LOINC codes are used widely in the OBX segment Observation Identifier field (OBX-3) of an ORU HL7 (HL7 version 2.x or ASTM 1238-9410) message that may be sent between a Clinical Laboratory Information Management Systems (LIMS) and Electronic Health Record Systems (EHR).5, 6 In this way, LOINC codes provide universal identifiers that allow the exchange of clinical data between heterogeneous computing environments.","ValueSet/pregnancies-summary-uv-ips,ValueSet/BRFreqUsoSubstancia,ValueSet/BRSinaisVitais,ValueSet/edd-method-uv-ips,ValueSet/document-classcodes,ValueSet/pregnancy-status-uv-ips,ValueSet/doc-typecodes,ValueSet/doc-section-codes"
http://snomed.info/sct,null,active,"2.16.840.1.113883.6.96",SNOMED_CT,SNOMED CT (all versions),"SNOMED CT is the most comprehensive and precise clinical health terminology product in the world, owned and distributed around the world by The International Health Terminology Standards Development Organisation (IHTSDO).","ValueSet/specimen-collection-method,ValueSet/body-site,ValueSet/reason-medication-not-given-codes"
http://terminology.hl7.org/CodeSystem/appointment-cancellation-reason,2.1.1,active,"2.16.840.1.113883.4.642.1.1382",AppointmentCancellationReason,Appointment cancellation reason,"This example value set defines a set of reasons for the cancellation of an appointment.","ValueSet/appointment-cancellation-reason"
http://terminology.hl7.org/CodeSystem/condition-category,2.0.0,active,"2.16.840.1.113883.4.642.1.1073",ConditionCategoryCodes,Condition Category Codes,"Preferred value set for Condition Categories.","ValueSet/condition-category"
http://terminology.hl7.org/CodeSystem/diagnosis-role,1.1.1,active,"2.16.840.1.113883.4.642.1.1054",DiagnosisRole,Diagnosis Role,"This value set defines a set of codes that can be used to express the role of a diagnosis on the Encounter or EpisodeOfCare record.","ValueSet/diagnosis-role"
http://terminology.hl7.org/CodeSystem/immunization-funding-source,1.0.1,active,"2.16.840.1.113883.4.642.1.1100",ImmunizationFundingSource,Immunization Funding Source,"The value set to instantiate this attribute should be drawn from a terminologically robust code system that consists of or contains concepts to support describing the source of the vaccine administered. This value set is provided as a suggestive example.","ValueSet/immunization-funding-source"
http://terminology.hl7.org/CodeSystem/list-empty-reason,1.0.1,active,"2.16.840.1.113883.4.642.1.1106",ListEmptyReasons,List Empty Reasons,"General reasons for a list to be empty. Reasons are either related to a summary list (i.e. problem or medication list) or to a workflow related list (i.e. consultation list).","ValueSet/list-empty-reason"
http://terminology.hl7.org/CodeSystem/location-physical-type,2.0.1,active,"2.16.840.1.113883.4.642.1.1108",LocationType,Location type,"This example value set defines a set of codes that can be used to indicate the physical form of the Location.  This includes several 'non physical' codes which are still considered a location.","ValueSet/location-physical-type"
http://terminology.hl7.org/CodeSystem/med-admin-perform-function,1.0.1,active,"2.16.840.1.113883.4.642.1.1112",MedicationAdministrationPerformerFunctionCodes,MedicationAdministration Performer Function Codes,"MedicationAdministration Performer Function Codes","ValueSet/med-admin-perform-function"
http://terminology.hl7.org/CodeSystem/v2-0203,5.0.0,active,"2.16.840.1.113883.18.108",IdentifierType,identifierType,"HL7-defined code system of concepts specifying type of identifier. Used in HL7 Version 2.x messaging data types CX, PLN, PPN, XCN and XON.","ValueSet/identifier-type,ValueSet/BRTipoDocumentoIndividuo"
http://terminology.hl7.org/CodeSystem/v2-0276,3.0.0,active,"2.16.840.1.113883.18.169",AppointmentReason,appointmentReason,"Code system of concepts used to describe the kind of appointment or the reason why an appointment has been scheduled.  Used in HL7 Version 2.x messaging in the ARQ segment.","ValueSet/v2-0276"
http://terminology.hl7.org/CodeSystem/v2-0487,3.0.0,active,"2.16.840.1.113883.18.311",SpecimenType,specimenType,"HL7-defined code system of concepts that describe the precise nature of an entity that may be used as the source material for an observation.  This is one of two code systems that are used instead of table 0070 (code system 2.16.840.1.113883.18.28) which conflated specimen types and specimen collection methods.   Used in HL7 Version 2.x messaging in the SPM segment.","ValueSet/BRTipoAmostra"
http://terminology.hl7.org/CodeSystem/v2-0493,3.0.0,active,"2.16.840.1.113883.18.317",SpecimenCondition,specimenCondition,"Code system of concepts specifying a mode or state of being that describes the nature of the specimen.  Used in HL7 Version 2.x messaging in the SPM segment.","ValueSet/v2-0493"
http://terminology.hl7.org/CodeSystem/v3-ActCode,11.0.0,active,"2.16.840.1.113883.5.4",ActCode,ActCode,"A code specifying the particular kind of Act that the Act-instance represents within its class.    *Constraints:* The kind of Act (e.g. physical examination, serum potassium, inpatient encounter, charge financial transaction, etc.) is specified with a code from one of several, typically external, coding systems. The coding system will depend on the class of Act, such as LOINC for observations, etc.    Conceptually, the Act.code must be a specialization of the Act.classCode. This is why the structure of ActClass domain should be reflected in the superstructure of the ActCode domain and then individual codes or externally referenced vocabularies subordinated under these domains that reflect the ActClass structure.    Act.classCode and Act.code are not modifiers of each other but the Act.code concept should really imply the Act.classCode concept. For a negative example, it is not appropriate to use an Act.code ""potassium"" together with and Act.classCode for ""laboratory observation"" to somehow mean ""potassium laboratory observation"" and then use the same Act.code for ""potassium"" together with Act.classCode for ""medication"" to mean ""substitution of potassium"". This mutually modifying use of Act.code and Act.classCode is not permitted.","ValueSet/v3-ActCode,ValueSet/v3-ActEncounterCode"
http://terminology.hl7.org/CodeSystem/v3-Confidentiality,5.0.0,active,"2.16.840.1.113883.5.25",Confidentiality,Confidentiality,"A set of codes specifying the security classification of acts and roles in accordance with the definition for concept domain ""Confidentiality"".","ValueSet/v3-ConfidentialityClassification"
https://terminologia.saude.gov.br/fhir/CodeSystem/BRAlergenosCBARA,1.1.0,active,,BRAlergenosCBARA,BRAlergenosCBARA,"","ValueSet/BRAlergenos"
https://terminologia.saude.gov.br/fhir/CodeSystem/BRAtendimentoPrestado,1.1.0,active,,BRAtendimentoPrestado,BRAtendimentoPrestado,"","ValueSet/BRAtendimentoPrestado"
https://terminologia.saude.gov.br/fhir/CodeSystem/BRCBO,1.1.0,active,,BRCBO,BRCBO,"","ValueSet/BROcupacao"
https://terminologia.saude.gov.br/fhir/CodeSystem/BRCIAP2,1.1.0,active,,BRCIAP2,BRCIAP2,"","ValueSet/BRCIAP2"
https://terminologia.saude.gov.br/fhir/CodeSystem/BRCID10,1.1.0,active,,BRCID10,BRCID10,"","ValueSet/BRProblemaDiagnostico,ValueSet/BRTerminologiaSuspeitaDiagnostica,ValueSet/BRReasonEncounter,ValueSet/BRCID10"
https://terminologia.saude.gov.br/fhir/CodeSystem/BRCaraterAtendimento,1.1.0,active,,BRCaraterAtendimento,BRCaraterAtendimento,"","ValueSet/BRCaraterAtendimento"
https://terminologia.saude.gov.br/fhir/CodeSystem/BRCategoriaDiagnostico,1.1.0,active,,BRCategoriaDiagnostico,BRCategoriaDiagnostico,"","ValueSet/BRCategoriaDiagnostico"
https://terminologia.saude.gov.br/fhir/CodeSystem/BRConselhoProfissional,1.1.0,draft,,BRConselhoProfissional,Conselhos profissionais de saúde do Brasil,"Esse CodeSystem inclui os conselhos profissionais de saúde do Brasil, conforme a Resolução CNS 251/1997.","ValueSet/BRCRF,ValueSet/BRCOREN,ValueSet/BRCRM,ValueSet/BRCRO,ValueSet/BROutrosProfissionais"
https://terminologia.saude.gov.br/fhir/CodeSystem/BRDesfechoProcedimento,1.1.0,active,,BRDesfechoProcedimento,BRDesfechoProcedimento,"","ValueSet/BRDesfechoProcedimento"
https://terminologia.saude.gov.br/fhir/CodeSystem/BRDose,1.1.0,active,,BRDose,BRDose,"","ValueSet/BRDose"
https://terminologia.saude.gov.br/fhir/CodeSystem/BRElegibilidadeImunobiologico,1.1.0,active,,BRElegibilidadeImunobiologico,BRElegibilidadeImunobiologico,"","ValueSet/BRElegibilidadeImunobiologico"
https://terminologia.saude.gov.br/fhir/CodeSystem/BREstrategiaVacinacao,1.1.0,active,,BREstrategiaVacinacao,BREstrategiaVacinacao,"","ValueSet/BREstrategiaVacinacao"
https://terminologia.saude.gov.br/fhir/CodeSystem/BRFormaOrganizacaoTabelaSUS,1.1.0,active,,BRFormaOrganizacaoTabelaSUS,BRFormaOrganizacaoTabelaSUS,"","ValueSet/BRFormaOrganizacaoTabelaSUS"
https://terminologia.saude.gov.br/fhir/CodeSystem/BRImunobiologico,1.1.0,active,,BRImunobiologico,BRImunobiologico,"","ValueSet/BRAlergenos,ValueSet/BRImunobiologico"
https://terminologia.saude.gov.br/fhir/CodeSystem/BRInstalacoesFisicas,1.1.0,active,,BRInstalacoesFisicas,BRInstalacoesFisicas,"","ValueSet/BRInstalacoesFisicas"
https://terminologia.saude.gov.br/fhir/CodeSystem/BRLocalAplicacao,1.1.0,active,,BRLocalAplicacao,BRLocalAplicacao,"","ValueSet/BRLocalAplicacao"
https://terminologia.saude.gov.br/fhir/CodeSystem/BRMedDRA,1.1.0,active,,BRMedDRA,BRMedDRA,"","ValueSet/BRReacoesAdversasMedDRA"
https://terminologia.saude.gov.br/fhir/CodeSystem/BRMedicamento,1.1.0,active,,BRMedicamento,BRMedicamento,"","ValueSet/BRAlergenos"
https://terminologia.saude.gov.br/fhir/CodeSystem/BRModalidadeAssistencial,1.1.0,active,,BRModalidadeAssistencial,BRModalidadeAssistencial,"","ValueSet/BRModalidadeAssistencial"
https://terminologia.saude.gov.br/fhir/CodeSystem/BRMotivoDesfecho,1.1.0,active,,BRMotivoDesfecho,BRMotivoDesfecho,"","ValueSet/BRMotivoDesfecho"
https://terminologia.saude.gov.br/fhir/CodeSystem/BRMotivoProcedimentoNaoRealizado,1.1.0,active,,BRMotivoProcedimentoNaoRealizado,BRMotivoProcedimentoNaoRealizado,"","ValueSet/BRMotivoProcedimentoNaoRealizado"
https://terminologia.saude.gov.br/fhir/CodeSystem/BRPopulacaoTradicional,1.1.0,active,,BRPopulacaoTradicional,BRPopulacaoTradicional,"","ValueSet/BRPopulacaoTradicional"
https://terminologia.saude.gov.br/fhir/CodeSystem/BRPovoItinerante,1.1.0,active,,BRPovoItinerante,BRPovoItinerante,"","ValueSet/BRPovoItinerante"
https://terminologia.saude.gov.br/fhir/CodeSystem/BRProcedencia,1.1.0,active,,BRProcedencia,BRProcedencia,"","ValueSet/BRProcedencia"
https://terminologia.saude.gov.br/fhir/CodeSystem/BRProgramaSaude,1.1.0,active,,BRProgramaSaude,BRProgramaSaude,"","ValueSet/BRProgramaSaude"
https://terminologia.saude.gov.br/fhir/CodeSystem/BRRegistroOrigem,1.1.0,active,,BRRegistroOrigem,BRRegistroOrigem,"","ValueSet/BRRegistroOrigem"
https://terminologia.saude.gov.br/fhir/CodeSystem/BRResponsabilidadeParticipante,1.1.0,active,,BRResponsabilidadeParticipante,BRResponsabilidadeParticipante,"","ValueSet/BRResponsabilidadeParticipante"
https://terminologia.saude.gov.br/fhir/CodeSystem/BRServicoEspecializado,1.1.0,active,,BRServicoEspecializado,BRServicoEspecializado,"","ValueSet/BRServicoEspecializado"
https://terminologia.saude.gov.br/fhir/CodeSystem/BRSubGrupoTabelaSUS,1.1.0,active,,BRSubGrupoTabelaSUS,BRSubGrupoTabelaSUS,"","ValueSet/BRCategoriaProcedimento"
https://terminologia.saude.gov.br/fhir/CodeSystem/BRTipoAleitamentoMaterno,1.1.0,active,,BRTipoAleitamentoMaterno,BRTipoAleitamentoMaterno,"","ValueSet/BRTipoAleitamentoMaterno"
https://terminologia.saude.gov.br/fhir/CodeSystem/BRTipoAmostraGAL,1.1.0,active,,BRTipoAmostraGAL,BRTipoAmostraGAL,"","ValueSet/BRTipoAmostra"
https://terminologia.saude.gov.br/fhir/CodeSystem/BRTipoEstabelecimentoSaude,1.1.0,active,,BRTipoEstabelecimentoSaude,BRTipoEstabelecimentoSaude,"","ValueSet/BRTipoEstabelecimentoSaude"
https://terminologia.saude.gov.br/fhir/CodeSystem/BRTipoIdentificador,1.1.0,active,,BRTipoIdentificador,BRTipoIdentificador,"","ValueSet/BRTipoDocumentoIndividuo"
https://terminologia.saude.gov.br/fhir/CodeSystem/BRTipoParticipante,1.1.0,active,,BRTipoParticipante,BRTipoParticipante,"","ValueSet/BRTipoParticipante"
https://terminologia.saude.gov.br/fhir/CodeSystem/BRViaAdministracao,1.1.0,active,,BRViaAdministracao,BRViaAdministracao,"","ValueSet/BRViaAdministracao"
https://terminologia.saude.gov.br/fhir/CodeSystem/TipoConvenio,1.1.0,active,,TipoConvenio,TipoConvenio,"","ValueSet/TipoConvenio"
