"Id","Path","Slice Name","Alias(s)","Label","Min","Max","Must Support?","Is Modifier?","Is Summary?","Type(s)","Short","Definition","Comments","Requirements","Default Value","Meaning When Missing","Fixed Value","Pattern","Example","Minimum Value","Maximum Value","Maximum Length","Binding Strength","Binding Description","Binding Value Set","Code","Slicing Discriminator","Slicing Description","Slicing Ordered","Slicing Rules","Base Path","Base Min","Base Max","Condition(s)","Constraint(s)","Mapping: HL7 v2 Mapping","Mapping: RIM Mapping","Mapping: ServD","Mapping: vCard Mapping"
"Address","Address","","","",0,*,"","","","null {[]} {[]}
","An address expressed using postal conventions (as opposed to GPS or other location definition formats)","An address expressed using postal conventions (as opposed to GPS or other location definition formats).  This data type may be used to convey addresses for use in delivering mail as well as for visiting locations which might not be valid for mail delivery.  There are a variety of postal address formats defined around the world.","Note: address is intended to describe postal addresses for administrative purposes, not to describe absolute geographical coordinates.  Postal addresses are often used as proxies for physical locations (also see the [Location](http://hl7.org/fhir/R4/location.html#) resource).","","","","","","","","",,,,,"",,,,"Address",0,*,"ele-1
","ele-1:All FHIR elements must have a @value or children {hasValue() or (children().count() > id.count())}
","XAD","n/a","AD","Address"
"Address.id","Address.id","","","",0,1,"","","","string {[]} {[]}
","Unique id for inter-element referencing","Unique id for the element within a resource (for internal references). This may be any string value that does not contain spaces.","","","","","","","","","",,,,,"",,,,"Element.id",0,1,"","","n/a"
"Address.extension","Address.extension","","extensions
user content","",0,*,"","","","Extension {[]} {[]}
","Additional content defined by implementations","May be used to represent additional information that is not part of the basic definition of the element. To make the use of extensions safe and manageable, there is a strict set of governance  applied to the definition and use of extensions. Though any implementer can define an extension, there is a set of requirements that SHALL be met as part of the definition of the extension.","There can be no stigma associated with the use of extensions by any application, project, or standard - regardless of the institution or jurisdiction that uses or defines the extensions.  The use of extensions is what allows the FHIR specification to retain a core level of simplicity for everyone.","","","","","","","","",,,,,"","value:url}
","Extensions are always sliced by (at least) url",,"open","Element.extension",0,*,"","ele-1:All FHIR elements must have a @value or children {hasValue() or (children().count() > id.count())}
ext-1:Must have either extensions or value[x], not both {extension.exists() != value.exists()}","n/a"
"Address.extension:aldeia","Address.extension","aldeia","","",0,1,"","","","Extension {[CanonicalType[https://br-core.saude.gov.br/fhir/StructureDefinition/br-core-address-aldeia]]} {[]}
","Aldeia Indígena","Referência ao recurso Location que representa a aldeia indígena onde o indivíduo reside.","A aldeia é a unidade básica de localização geográfica para populações indígenas. Este elemento permite associar o endereço a uma aldeia específica cadastrada como Location no sistema.","","","","","","","","",,,,,"",,,,"Element.extension",0,*,"","ele-1:All FHIR elements must have a @value or children {hasValue() or (children().count() > id.count())}
ext-1:Must have either extensions or value[x], not both {extension.exists() != value.exists()}"
"Address.extension:dsei","Address.extension","dsei","","",0,1,"","","","Extension {[CanonicalType[https://br-core.saude.gov.br/fhir/StructureDefinition/br-core-address-dsei]]} {[]}
","Distrito Sanitário Especial Indígena (DSEI)","Referência ao recurso Location que representa o Distrito Sanitário Especial Indígena (DSEI) responsável pela região.","O DSEI é uma unidade administrativa de saúde que coordena as ações de atenção à saúde indígena em uma determinada região geográfica, abrangendo múltiplas aldeias e polos-base. Este elemento permite associar o endereço ao DSEI responsável pela área.","","","","","","","","",,,,,"",,,,"Element.extension",0,*,"","ele-1:All FHIR elements must have a @value or children {hasValue() or (children().count() > id.count())}
ext-1:Must have either extensions or value[x], not both {extension.exists() != value.exists()}"
"Address.extension:polo","Address.extension","polo","","",0,1,"","","","Extension {[CanonicalType[https://br-core.saude.gov.br/fhir/StructureDefinition/br-core-address-polo]]} {[]}
","Polo Base","Referência ao recurso Location que representa o Polo Base que atende a região.","O Polo Base é uma unidade de saúde que serve como ponto de referência para um conjunto de aldeias, oferecendo serviços de saúde e apoio logístico. Este elemento permite associar o endereço ao polo-base responsável pela assistência à saúde na região.","","","","","","","","",,,,,"",,,,"Element.extension",0,*,"","ele-1:All FHIR elements must have a @value or children {hasValue() or (children().count() > id.count())}
ext-1:Must have either extensions or value[x], not both {extension.exists() != value.exists()}"
"Address.use","Address.use","","","",0,1,"","Y","Y","code {[]} {[]}
","Tipo de uso do endereço","Identifica o propósito deste endereço.","Os valores permitidos são: home (residencial), work (trabalho), temp (temporário), old (antigo). Para endereços de aldeias indígenas, normalmente será utilizado 'home'.","Allows an appropriate address to be chosen from a list of many.","","","","","<valueCode xmlns=""http://hl7.org/fhir"" value=""home""/>","","",,"required","","http://hl7.org/fhir/ValueSet/address-use","",,,,"Address.use",0,1,"","ele-1:All FHIR elements must have a @value or children {hasValue() or (children().count() > id.count())}
","XAD.7","unique(./use)","./AddressPurpose"
"Address.type","Address.type","","","",0,1,"","","Y","code {[]} {[]}
","Tipo do endereço","Distingue entre endereços físicos (físico/para visita) e endereços postais (para correspondência).","Os valores permitidos são: postal (endereço postal), physical (endereço físico), both (ambos). Para aldeias indígenas, geralmente será 'physical'.","","","","","","<valueCode xmlns=""http://hl7.org/fhir"" value=""both""/>","","",,"required","","http://hl7.org/fhir/ValueSet/address-type","",,,,"Address.type",0,1,"","ele-1:All FHIR elements must have a @value or children {hasValue() or (children().count() > id.count())}
","XAD.18","unique(./use)","address type parameter"
"Address.text","Address.text","","","",0,1,"","","Y","string {[]} {[]}
","Text representation of the address","Specifies the entire address as it should be displayed e.g. on a postal label. This may be provided instead of or as well as the specific parts.","Can provide both a text representation and parts. Applications updating an address SHALL ensure that  when both text and parts are present,  no content is included in the text that isn't found in a part.","A renderable, unencoded form.","","","","","<valueString xmlns=""http://hl7.org/fhir"" value=""137 Nowhere Street, Erewhon 9132""/>","","",,,,,"",,,,"Address.text",0,1,"","ele-1:All FHIR elements must have a @value or children {hasValue() or (children().count() > id.count())}
","XAD.1 + XAD.2 + XAD.3 + XAD.4 + XAD.5 + XAD.6","./formatted","address label parameter"
"Address.line","Address.line","","","",0,*,"","","Y","string {[]} {[]}
","Linha de endereço","Este componente contém o nome da rua, número da casa, nome da aldeia, apartamento, número de caixa postal ou similar.","Para endereços de aldeias indígenas, este campo pode conter o nome da aldeia e informações adicionais de localização dentro da comunidade.","","","","","","<valueString xmlns=""http://hl7.org/fhir"" value=""137 Nowhere Street""/>","","",,,,,"",,,,"Address.line",0,*,"","ele-1:All FHIR elements must have a @value or children {hasValue() or (children().count() > id.count())}
","XAD.1 + XAD.2 (note: XAD.1 and XAD.2 have different meanings for a company address than for a person address)","AD.part[parttype = AL]","./StreetAddress (newline delimitted)","street"
"Address.city","Address.city","","Municpality
","",0,1,"","","Y","string {[]} {[]}
","Município","Nome do município onde está localizado o endereço.","Para aldeias indígenas, este campo deve conter o município de referência onde a aldeia está situada.","","","","","","<valueString xmlns=""http://hl7.org/fhir"" value=""Erewhon""/>","","",,,,,"",,,,"Address.city",0,1,"","ele-1:All FHIR elements must have a @value or children {hasValue() or (children().count() > id.count())}
","XAD.3","AD.part[parttype = CTY]","./Jurisdiction","locality"
"Address.district","Address.district","","County
","",0,1,"","","Y","string {[]} {[]}
","Distrito","Nome do distrito administrativo (conhecido como bairro em algumas regiões).","Este campo pode ser utilizado para especificar subdivisões administrativas dentro do município.","","","","","","<valueString xmlns=""http://hl7.org/fhir"" value=""Madison""/>","","",,,,,"",,,,"Address.district",0,1,"","ele-1:All FHIR elements must have a @value or children {hasValue() or (children().count() > id.count())}
","XAD.9","AD.part[parttype = CNT | CPA]"
"Address.state","Address.state","","Province
Territory","",0,1,"","","Y","string {[]} {[]}
","Estado (UF)","Sigla ou nome do estado (Unidade Federativa) onde está localizado o endereço.","Deve ser utilizada a sigla do estado brasileiro (ex: AM, RS, RR, etc.).","","","","","","","","",,,,,"",,,,"Address.state",0,1,"","ele-1:All FHIR elements must have a @value or children {hasValue() or (children().count() > id.count())}
","XAD.4","AD.part[parttype = STA]","./Region","region"
"Address.postalCode","Address.postalCode","","Zip
","",0,1,"","","Y","string {[]} {[]}
","CEP (Código de Endereçamento Postal)","Código de endereçamento postal designado pelo Correios do Brasil.","O CEP deve ser fornecido no formato XXXXX-XXX. Para aldeias indígenas, pode-se utilizar o CEP do polo-base ou município de referência quando a aldeia não possuir CEP específico.","","","","","","<valueString xmlns=""http://hl7.org/fhir"" value=""9132""/>","","",,,,,"",,,,"Address.postalCode",0,1,"","ele-1:All FHIR elements must have a @value or children {hasValue() or (children().count() > id.count())}
","XAD.5","AD.part[parttype = ZIP]","./PostalIdentificationCode","code"
"Address.country","Address.country","","","",0,1,"","","Y","string {[]} {[]}
","País","Código do país em formato ISO 3166.","Para o Brasil, deve ser utilizado o código 'BR' ou 'BRA'.","","","","","<valueString xmlns=""http://hl7.org/fhir"" value=""BR""/>","","","",,,,,"",,,,"Address.country",0,1,"","ele-1:All FHIR elements must have a @value or children {hasValue() or (children().count() > id.count())}
","XAD.6","AD.part[parttype = CNT]","./Country","country"
"Address.period","Address.period","","","",0,1,"","","Y","Period {[]} {[]}
","Período de validade do endereço","Período de tempo em que o endereço esteve ou está em uso.","Este elemento é útil para manter histórico de endereços anteriores, especialmente importante para populações com mobilidade territorial.","Allows addresses to be placed in historical context.","","","","","<valuePeriod xmlns=""http://hl7.org/fhir"">
  <start value=""2010-03-23""/>
  <end value=""2010-07-01""/>
</valuePeriod>","","",,,,,"",,,,"Address.period",0,1,"","ele-1:All FHIR elements must have a @value or children {hasValue() or (children().count() > id.count())}
","XAD.12 / XAD.13 + XAD.14","./usablePeriod[type=""IVL<TS>""]","./StartDate and ./EndDate"
