"Id","Path","Slice Name","Alias(s)","Label","Min","Max","Must Support?","Is Modifier?","Is Summary?","Type(s)","Short","Definition","Comments","Requirements","Default Value","Meaning When Missing","Fixed Value","Pattern","Example","Minimum Value","Maximum Value","Maximum Length","Binding Strength","Binding Description","Binding Value Set","Code","Slicing Discriminator","Slicing Description","Slicing Ordered","Slicing Rules","Base Path","Base Min","Base Max","Condition(s)","Constraint(s)","Mapping: Workflow Pattern","Mapping: HL7 v2 Mapping","Mapping: RIM Mapping","Mapping: FiveWs Pattern Mapping"
"Consent","Consent","","","",0,*,"","","","null {[]} {[]}
","A healthcare consumer's  choices to permit or deny recipients or roles to perform actions for specific purposes and periods of time","A record of a healthcare consumer’s  choices, which permits or denies identified recipient(s) or recipient role(s) to perform one or more actions within a given policy context, for specific purposes and periods of time.","Broadly, there are 3 key areas of consent for patients: Consent around sharing information (aka Privacy Consent Directive - Authorization to Collect, Use, or Disclose information), consent for specific treatment, or kinds of treatment, and general advance care directives.","","","","","","","","",,,,,"",,,,"Consent",0,*,"","dom-2:If the resource is contained in another resource, it SHALL NOT contain nested Resources {contained.contained.empty()}
dom-3:If the resource is contained in another resource, it SHALL be referred to from elsewhere in the resource or SHALL refer to the containing resource {contained.where((('#'+id in (%resource.descendants().reference | %resource.descendants().as(canonical) | %resource.descendants().as(uri) | %resource.descendants().as(url))) or descendants().where(reference = '#').exists() or descendants().where(as(canonical) = '#').exists() or descendants().where(as(canonical) = '#').exists()).not()).trace('unmatched', id).empty()}dom-4:If a resource is contained in another resource, it SHALL NOT have a meta.versionId or a meta.lastUpdated {contained.meta.versionId.empty() and contained.meta.lastUpdated.empty()}dom-5:If a resource is contained in another resource, it SHALL NOT have a security label {contained.meta.security.empty()}dom-6:A resource should have narrative for robust management {text.`div`.exists()}ppc-1:Either a Policy or PolicyRule {policy.exists() or policyRule.exists()}ppc-2:IF Scope=privacy, there must be a patient {patient.exists() or scope.coding.where(system='something' and code='patient-privacy').exists().not()}ppc-3:IF Scope=research, there must be a patient {patient.exists() or scope.coding.where(system='something' and code='research').exists().not()}ppc-4:IF Scope=adr, there must be a patient {patient.exists() or scope.coding.where(system='something' and code='adr').exists().not()}ppc-5:IF Scope=treatment, there must be a patient {patient.exists() or scope.coding.where(system='something' and code='treatment').exists().not()}","Event","CON","Entity. Role, or Act","FinancialConsent"
"Consent.id","Consent.id","","","",0,1,"","","Y","id {[]} {[]}
","Identificador lógico deste artefato","Identificador lógico deste artefato","The only time that a resource does not have an id is when it is being submitted to the server using a create operation.","","","","","","","","",,,,,"",,,,"Resource.id",0,1,"",""
"Consent.meta","Consent.meta","","","",0,1,"","","Y","Meta {[]} {[]}
","Metadados sobre o recurso","Metadados sobre o recurso","","","","","","","","","",,,,,"",,,,"Resource.meta",0,1,"","ele-1:All FHIR elements must have a @value or children {hasValue() or (children().count() > id.count())}
"
"Consent.implicitRules","Consent.implicitRules","","","",0,1,"","Y","Y","uri {[]} {[]}
","Um conjunto de regras sob as quais este conteúdo foi criado","Um conjunto de regras sob as quais este conteúdo foi criado","Asserting this rule set restricts the content to be only understood by a limited set of trading partners. This inherently limits the usefulness of the data in the long term. However, the existing health eco-system is highly fractured, and not yet ready to define, collect, and exchange data in a generally computable sense. Wherever possible, implementers and/or specification writers should avoid using this element. Often, when used, the URL is a reference to an implementation guide that defines these special rules as part of it's narrative along with other profiles, value sets, etc.","","","","","","","","",,,,,"",,,,"Resource.implicitRules",0,1,"","ele-1:All FHIR elements must have a @value or children {hasValue() or (children().count() > id.count())}
"
"Consent.language","Consent.language","","","",0,1,"","","","code {[]} {[]}
","Idioma do recurso","Idioma do recurso","Language is provided to support indexing and accessibility (typically, services such as text to speech use the language tag). The html language tag in the narrative applies  to the narrative. The language tag on the resource may be used to specify the language of other presentations generated from the data in the resource. Not all the content has to be in the base language. The Resource.language should not be assumed to apply to the narrative automatically. If a language is specified, it should it also be specified on the div element in the html (see rules in HTML5 for information about the relationship between xml:lang and the html lang attribute).","","","","","","","","",,"preferred","A human language.","http://hl7.org/fhir/ValueSet/languages|4.0.1","",,,,"Resource.language",0,1,"","ele-1:All FHIR elements must have a @value or children {hasValue() or (children().count() > id.count())}
"
"Consent.text","Consent.text","","narrative
htmlxhtmldisplay","",0,1,"","","","Narrative {[]} {[]}
","Resumo do texto do recurso em linguagem natural","Resumo do texto do recurso em linguagem natural","Contained resources do not have narrative. Resources that are not contained SHOULD have a narrative. In some cases, a resource may only have text with little or no additional discrete data (as long as all minOccurs=1 elements are satisfied).  This may be necessary for data from legacy systems where information is captured as a ""text blob"" or where text is additionally entered raw or narrated and encoded information is added later.","","","","","","","","",,,,,"",,,,"DomainResource.text",0,1,"","ele-1:All FHIR elements must have a @value or children {hasValue() or (children().count() > id.count())}
","Act.text?"
"Consent.contained","Consent.contained","","inline resources
anonymous resourcescontained resources","",0,*,"","","","Resource {[]} {[]}
","Recursos contidos no recurso","Recursos contidos no recurso","This should never be done when the content can be identified properly, as once identification is lost, it is extremely difficult (and context dependent) to restore it again. Contained resources may have profiles and tags In their meta elements, but SHALL NOT have security labels.","","","","","","","","",,,,,"",,,,"DomainResource.contained",0,*,"","","N/A"
"Consent.extension","Consent.extension","","","",1,*,"","","","Extension {[]} {[]}
","Extensões adicionais que não fazem parte do modelo base","Extensões adicionais que não fazem parte do modelo base","","","","","","","","","",,,,,"","value:url}
","",,"open","DomainResource.extension",0,*,"","ele-1:All FHIR elements must have a @value or children {hasValue() or (children().count() > id.count())}
ext-1:Must have either extensions or value[x], not both {extension.exists() != value.exists()}"
"Consent.extension:baseLegalLGPD","Consent.extension","baseLegalLGPD","","",1,1,"Y","","","Extension {[CanonicalType[https://br-core.saude.gov.br/fhir/StructureDefinition/br-core-base-legal-lgpd]]} {[]}
","Base legal LGPD para tratamento de dados (Art. 7º)","Base legal LGPD para tratamento de dados (Art. 7º)","","","","","","","","","",,,,,"",,,,"DomainResource.extension",0,*,"ele-1
","ele-1:All FHIR elements must have a @value or children {hasValue() or (children().count() > id.count())}
ext-1:Must have either extensions or value[x], not both {extension.exists() != value.exists()}"
"Consent.modifierExtension","Consent.modifierExtension","","","",0,*,"","Y","","Extension {[]} {[]}
","Extensões adicionais que não podem ser ignoradas, mesmo que não reconhecidas","Extensões adicionais que não podem ser ignoradas, mesmo que não reconhecidas","","","","","","","","","",,,,,"",,,,"DomainResource.modifierExtension",0,*,"","ele-1:All FHIR elements must have a @value or children {hasValue() or (children().count() > id.count())}
ext-1:Must have either extensions or value[x], not both {extension.exists() != value.exists()}"
"Consent.identifier","Consent.identifier","","","",0,*,"","","Y","Identifier {[]} {[]}
","Identificadores externos para este consentimento","Identificadores externos para este consentimento","This identifier identifies this copy of the consent. Where this identifier is also used elsewhere as the identifier for a consent record (e.g. a CDA consent document) then the consent details are expected to be the same.","","","","","","<valueIdentifier xmlns=""http://hl7.org/fhir"">
  <system value=""http://acme.org/identifier/local/eCMS""/>
  <value value=""Local eCMS identifier""/>
</valueIdentifier>","","",,,,,"",,,,"Consent.identifier",0,*,"","ele-1:All FHIR elements must have a @value or children {hasValue() or (children().count() > id.count())}
","Event.identifier",".id","FiveWs.identifier"
"Consent.status","Consent.status","","","",1,1,"","Y","Y","code {[]} {[]}
","Status do consentimento: draft | proposed | active | rejected | inactive | entered-in-error","Status do consentimento: draft | proposed | active | rejected | inactive | entered-in-error","This element is labeled as a modifier because the status contains the codes rejected and entered-in-error that mark the Consent as not currently valid.","The Consent Directive that is pointed to might be in various lifecycle states, e.g., a revoked Consent Directive.","","","","","","","",,"required","Indicates the state of the consent.","http://hl7.org/fhir/ValueSet/consent-state-codes|4.0.1","",,,,"Consent.status",1,1,"","ele-1:All FHIR elements must have a @value or children {hasValue() or (children().count() > id.count())}
","Event.status","HL7 Table 0498 - Consent Status",".statusCode","FiveWs.status"
"Consent.scope","Consent.scope","","","",1,1,"","Y","Y","CodeableConcept {[]} {[]}
","Escopo do consentimento: patient-privacy | research | treatment | adr","Escopo do consentimento: patient-privacy | research | treatment | adr","","","","","","","","","",,"extensible","The four anticipated uses for the Consent Resource.","http://hl7.org/fhir/ValueSet/consent-scope|4.0.1","",,,,"Consent.scope",1,1,"","ele-1:All FHIR elements must have a @value or children {hasValue() or (children().count() > id.count())}
"
"Consent.category","Consent.category","","","",1,*,"","","Y","CodeableConcept {[]} {[]}
","Classificação do consentimento e base legal LGPD","Classificação do consentimento e base legal LGPD","","","","","","","","","",,"extensible","A classification of the type of consents found in a consent statement.","http://hl7.org/fhir/ValueSet/consent-category|4.0.1","",,,,"Consent.category",1,*,"","ele-1:All FHIR elements must have a @value or children {hasValue() or (children().count() > id.count())}
","Event.code","HL7 Table 0497 - Consent Type","CNTRCT","FiveWs.class"
"Consent.patient","Consent.patient","","","",0,1,"","","Y","Reference {[]} {[CanonicalType[https://br-core.saude.gov.br/fhir/StructureDefinition/br-core-patient]]}
","Titular dos dados pessoais","Titular dos dados pessoais","Commonly, the patient the consent pertains to is the author, but for young and old people, it may be some other person.","","","","","","","","",,,,,"",,,,"Consent.patient",0,1,"","ele-1:All FHIR elements must have a @value or children {hasValue() or (children().count() > id.count())}
","Event.subject","Role","FiveWs.subject[x]","FiveWs.subject"
"Consent.patient.id","Consent.patient.id","","","",0,1,"","","","string {[]} {[]}
","Identificador exclusivo para referência entre elementos","Identificador exclusivo para referência entre elementos","","","","","","","","","",,,,,"",,,,"Element.id",0,1,"","","n/a"
"Consent.patient.extension","Consent.patient.extension","","","",0,*,"","","","Extension {[]} {[]}
","Conteúdo adicional definido por implementações","Conteúdo adicional definido por implementações","","","","","","","","","",,,,,"","value:url}
","Extensions are always sliced by (at least) url",,"open","Element.extension",0,*,"","ele-1:All FHIR elements must have a @value or children {hasValue() or (children().count() > id.count())}
ext-1:Must have either extensions or value[x], not both {extension.exists() != value.exists()}"
"Consent.patient.reference","Consent.patient.reference","","","",0,1,"","","Y","string {[]} {[]}
","Referência literal, URL relativa, interna ou absoluta","Referência literal, URL relativa, interna ou absoluta","Using absolute URLs provides a stable scalable approach suitable for a cloud/web context, while using relative/logical references provides a flexible approach suitable for use when trading across closed eco-system boundaries.   Absolute URLs do not need to point to a FHIR RESTful server, though this is the preferred approach. If the URL conforms to the structure ""/[type]/[id]"" then it should be assumed that the reference is to a FHIR RESTful server.","","","","","","","","",,,,,"",,,,"Reference.reference",0,1,"ref-1
","ele-1:All FHIR elements must have a @value or children {hasValue() or (children().count() > id.count())}
","N/A"
"Consent.patient.type","Consent.patient.type","","","",0,1,"","","Y","uri {[]} {[]}
","Tipo ao qual a referência se refere (por exemplo: Patient)","Tipo ao qual a referência se refere (por exemplo: Patient)","This element is used to indicate the type of  the target of the reference. This may be used which ever of the other elements are populated (or not). In some cases, the type of the target may be determined by inspection of the reference (e.g. a RESTful URL) or by resolving the target of the reference; if both the type and a reference is provided, the reference SHALL resolve to a resource of the same type as that specified.","","","","","","","","",,"extensible","Aa resource (or, for logical models, the URI of the logical model).","http://hl7.org/fhir/ValueSet/resource-types|4.0.1","",,,,"Reference.type",0,1,"","ele-1:All FHIR elements must have a @value or children {hasValue() or (children().count() > id.count())}
","N/A"
"Consent.patient.identifier","Consent.patient.identifier","","","",0,1,"","","Y","Identifier {[]} {[]}
","Referência lógica, quando a referência literal não é conhecida","Referência lógica, quando a referência literal não é conhecida","When an identifier is provided in place of a reference, any system processing the reference will only be able to resolve the identifier to a reference if it understands the business context in which the identifier is used. Sometimes this is global (e.g. a national identifier) but often it is not. For this reason, none of the useful mechanisms described for working with references (e.g. chaining, includes) are possible, nor should servers be expected to be able resolve the reference. Servers may accept an identifier based reference untouched, resolve it, and/or reject it - see CapabilityStatement.rest.resource.referencePolicy. 

When both an identifier and a literal reference are provided, the literal reference is preferred. Applications processing the resource are allowed - but not required - to check that the identifier matches the literal reference

Applications converting a logical reference to a literal reference may choose to leave the logical reference present, or remove it.

Reference is intended to point to a structure that can potentially be expressed as a FHIR resource, though there is no need for it to exist as an actual FHIR resource instance - except in as much as an application wishes to actual find the target of the reference. The content referred to be the identifier must meet the logical constraints implied by any limitations on what resource types are permitted for the reference.  For example, it would not be legitimate to send the identifier for a drug prescription if the type were Reference(Observation|DiagnosticReport).  One of the use-cases for Reference.identifier is the situation where no FHIR representation exists (where the type is Reference (Any).","","","","","","","","",,,,,"",,,,"Reference.identifier",0,1,"","ele-1:All FHIR elements must have a @value or children {hasValue() or (children().count() > id.count())}
",".identifier"
"Consent.patient.display","Consent.patient.display","","","",0,1,"","","Y","string {[]} {[]}
","Texto alternativo para o recurso","Texto alternativo para o recurso","This is generally not the same as the Resource.text of the referenced resource.  The purpose is to identify what's being referenced, not to fully describe it.","","","","","","","","",,,,,"",,,,"Reference.display",0,1,"","ele-1:All FHIR elements must have a @value or children {hasValue() or (children().count() > id.count())}
","N/A"
"Consent.dateTime","Consent.dateTime","","","",0,1,"","","Y","dateTime {[]} {[]}
","Data e hora do consentimento","Data e hora do consentimento","This is not the time of the original consent, but the time that this statement was made or derived.","","","","","","","","",,,,,"",,,,"Consent.dateTime",0,1,"","ele-1:All FHIR elements must have a @value or children {hasValue() or (children().count() > id.count())}
","Event.occurrence[x]","Field 13/ Consent Decision Date","FinancialConsent effectiveTime","FiveWs.recorded"
"Consent.performer","Consent.performer","","consentor
","",0,*,"","","Y","Reference {[]} {[CanonicalType[https://br-core.saude.gov.br/fhir/StructureDefinition/br-core-patient], CanonicalType[https://br-core.saude.gov.br/fhir/StructureDefinition/br-core-practitioner], CanonicalType[https://br-core.saude.gov.br/fhir/StructureDefinition/br-core-practitionerrole], CanonicalType[https://br-core.saude.gov.br/fhir/StructureDefinition/br-core-relatedperson], CanonicalType[https://br-core.saude.gov.br/fhir/StructureDefinition/br-core-organization]]}
","Quem concedeu o consentimento","Quem concedeu o consentimento","Commonly, the patient the consent pertains to is the consentor, but particularly for young and old people, it may be some other person - e.g. a legal guardian.","","","","","","","","",,,,,"",,,,"Consent.performer",0,*,"","ele-1:All FHIR elements must have a @value or children {hasValue() or (children().count() > id.count())}
","Event.performer","Field 24/ ConsenterID","FiveWs.actor"
"Consent.organization","Consent.organization","","custodian
","",0,*,"","","Y","Reference {[]} {[CanonicalType[https://br-core.saude.gov.br/fhir/StructureDefinition/br-core-organization]]}
","Controlador dos dados (organização responsável)","Controlador dos dados (organização responsável)","","","","","","","","","",,,,,"",,,,"Consent.organization",0,*,"","ele-1:All FHIR elements must have a @value or children {hasValue() or (children().count() > id.count())}
","Event.performer","FiveWs.witness"
"Consent.source[x]","Consent.source[x]","","","",0,1,"","","Y","Attachment {[]} {[]}
Reference {[]} {[CanonicalType[http://hl7.org/fhir/StructureDefinition/Consent|4.0.1], CanonicalType[http://hl7.org/fhir/StructureDefinition/DocumentReference|4.0.1], CanonicalType[http://hl7.org/fhir/StructureDefinition/Contract|4.0.1], CanonicalType[http://hl7.org/fhir/StructureDefinition/QuestionnaireResponse|4.0.1]]}","Fonte/evidência do consentimento","Fonte/evidência do consentimento","The source can be contained inline (Attachment), referenced directly (Consent), referenced in a consent repository (DocumentReference), or simply by an identifier (Identifier), e.g. a CDA document id.","","","","","","","","",,,,,"",,,,"Consent.source[x]",0,1,"","ele-1:All FHIR elements must have a @value or children {hasValue() or (children().count() > id.count())}
","Field 19 Informational Material Supplied Indicator"
"Consent.policy","Consent.policy","","","",0,*,"","","","BackboneElement {[]} {[]}
","Políticas que regem o consentimento","Políticas que regem o consentimento","","","","","","","","","",,,,,"",,,,"Consent.policy",0,*,"","ele-1:All FHIR elements must have a @value or children {hasValue() or (children().count() > id.count())}
"
"Consent.policy.id","Consent.policy.id","","","",0,1,"","","","string {[]} {[]}
","Identificador exclusivo para referência entre elementos","Identificador exclusivo para referência entre elementos","","","","","","","","","",,,,,"",,,,"Element.id",0,1,"","","n/a"
"Consent.policy.extension","Consent.policy.extension","","","",0,*,"","","","Extension {[]} {[]}
","Conteúdo adicional definido por implementações","Conteúdo adicional definido por implementações","","","","","","","","","",,,,,"",,,,"Element.extension",0,*,"","ele-1:All FHIR elements must have a @value or children {hasValue() or (children().count() > id.count())}
ext-1:Must have either extensions or value[x], not both {extension.exists() != value.exists()}"
"Consent.policy.modifierExtension","Consent.policy.modifierExtension","","","",0,*,"","Y","Y","Extension {[]} {[]}
","Extensões que não podem ser ignoradas mesmo que não sejam reconhecidas","Extensões que não podem ser ignoradas mesmo que não sejam reconhecidas","","","","","","","","","",,,,,"",,,,"BackboneElement.modifierExtension",0,*,"","ele-1:All FHIR elements must have a @value or children {hasValue() or (children().count() > id.count())}
ext-1:Must have either extensions or value[x], not both {extension.exists() != value.exists()}"
"Consent.policy.authority","Consent.policy.authority","","","",0,1,"","","","uri {[]} {[]}
","Autoridade responsável pela política (ex: ANPD)","Autoridade responsável pela política (ex: ANPD)","","","","","","","","","",,,,,"",,,,"Consent.policy.authority",0,1,"ppc-1
","ele-1:All FHIR elements must have a @value or children {hasValue() or (children().count() > id.count())}
"
"Consent.policy.uri","Consent.policy.uri","","","",0,1,"","","","uri {[]} {[]}
","URI da política ou legislação","URI da política ou legislação","This element is for discoverability / documentation and does not modify or qualify the policy rules.","","","","","","","","",,,,,"",,,,"Consent.policy.uri",0,1,"ppc-1
","ele-1:All FHIR elements must have a @value or children {hasValue() or (children().count() > id.count())}
"
"Consent.policyRule","Consent.policyRule","","","",0,1,"","","Y","CodeableConcept {[]} {[]}
","Regra de política de consentimento","Regra de política de consentimento","If the policyRule is absent, computable consent would need to be constructed from the elements of the Consent resource.","Might be a unique identifier of a policy set in XACML, or other rules engine.","","","","","","","",,"extensible","Regulatory policy examples.","http://hl7.org/fhir/ValueSet/consent-policy|4.0.1","",,,,"Consent.policyRule",0,1,"ppc-1
","ele-1:All FHIR elements must have a @value or children {hasValue() or (children().count() > id.count())}
"
"Consent.verification","Consent.verification","","","",0,*,"","","Y","BackboneElement {[]} {[]}
","Verificação do consentimento","Verificação do consentimento","","","","","","","","","",,,,,"",,,,"Consent.verification",0,*,"","ele-1:All FHIR elements must have a @value or children {hasValue() or (children().count() > id.count())}
"
"Consent.verification.id","Consent.verification.id","","","",0,1,"","","","string {[]} {[]}
","Identificador exclusivo para referência entre elementos","Identificador exclusivo para referência entre elementos","","","","","","","","","",,,,,"",,,,"Element.id",0,1,"","","n/a"
"Consent.verification.extension","Consent.verification.extension","","","",0,*,"","","","Extension {[]} {[]}
","Conteúdo adicional definido por implementações","Conteúdo adicional definido por implementações","","","","","","","","","",,,,,"",,,,"Element.extension",0,*,"","ele-1:All FHIR elements must have a @value or children {hasValue() or (children().count() > id.count())}
ext-1:Must have either extensions or value[x], not both {extension.exists() != value.exists()}"
"Consent.verification.modifierExtension","Consent.verification.modifierExtension","","","",0,*,"","Y","Y","Extension {[]} {[]}
","Extensões que não podem ser ignoradas mesmo que não sejam reconhecidas","Extensões que não podem ser ignoradas mesmo que não sejam reconhecidas","","","","","","","","","",,,,,"",,,,"BackboneElement.modifierExtension",0,*,"","ele-1:All FHIR elements must have a @value or children {hasValue() or (children().count() > id.count())}
ext-1:Must have either extensions or value[x], not both {extension.exists() != value.exists()}"
"Consent.verification.verified","Consent.verification.verified","","","",1,1,"","","Y","boolean {[]} {[]}
","Consentimento foi verificado","Consentimento foi verificado","","","","","","","","","",,,,,"",,,,"Consent.verification.verified",1,1,"","ele-1:All FHIR elements must have a @value or children {hasValue() or (children().count() > id.count())}
"
"Consent.verification.verifiedWith","Consent.verification.verifiedWith","","","",0,1,"","","","Reference {[]} {[CanonicalType[https://br-core.saude.gov.br/fhir/StructureDefinition/br-core-patient], CanonicalType[https://br-core.saude.gov.br/fhir/StructureDefinition/br-core-relatedperson]]}
","Pessoa que verificou","Pessoa que verificou","","","","","","","","","",,,,,"",,,,"Consent.verification.verifiedWith",0,1,"","ele-1:All FHIR elements must have a @value or children {hasValue() or (children().count() > id.count())}
"
"Consent.verification.verificationDate","Consent.verification.verificationDate","","","",0,1,"","","","dateTime {[]} {[]}
","Quando foi verificado","Quando foi verificado","","","","","","","","","",,,,,"",,,,"Consent.verification.verificationDate",0,1,"","ele-1:All FHIR elements must have a @value or children {hasValue() or (children().count() > id.count())}
"
"Consent.provision","Consent.provision","","","",0,1,"","","Y","BackboneElement {[]} {[]}
","Regras de acesso e tratamento de dados","Regras de acesso e tratamento de dados","","","","","","","","","",,,,,"",,,,"Consent.provision",0,1,"","ele-1:All FHIR elements must have a @value or children {hasValue() or (children().count() > id.count())}
"
"Consent.provision.id","Consent.provision.id","","","",0,1,"","","","string {[]} {[]}
","ID exclusivo para referência entre elementos","ID exclusivo para referência entre elementos","","","","","","","","","",,,,,"",,,,"Element.id",0,1,"","","n/a"
"Consent.provision.extension","Consent.provision.extension","","","",0,*,"","","","Extension {[]} {[]}
","Extensões adicionais que não fazem parte do modelo base","Extensões adicionais que não fazem parte do modelo base","","","","","","","","","",,,,,"",,,,"Element.extension",0,*,"","ele-1:All FHIR elements must have a @value or children {hasValue() or (children().count() > id.count())}
ext-1:Must have either extensions or value[x], not both {extension.exists() != value.exists()}"
"Consent.provision.modifierExtension","Consent.provision.modifierExtension","","","",0,*,"","Y","Y","Extension {[]} {[]}
","Extensões que não podem ser ignoradas mesmo que não sejam reconhecidas","Extensões que não podem ser ignoradas mesmo que não sejam reconhecidas","","","","","","","","","",,,,,"",,,,"BackboneElement.modifierExtension",0,*,"","ele-1:All FHIR elements must have a @value or children {hasValue() or (children().count() > id.count())}
ext-1:Must have either extensions or value[x], not both {extension.exists() != value.exists()}"
"Consent.provision.type","Consent.provision.type","","","",0,1,"","","Y","code {[]} {[]}
","Tipo de ação: permit | deny","Tipo de ação: permit | deny","","","","","","","","","",,"required","How a rule statement is applied, such as adding additional consent or removing consent.","http://hl7.org/fhir/ValueSet/consent-provision-type|4.0.1","",,,,"Consent.provision.type",0,1,"","ele-1:All FHIR elements must have a @value or children {hasValue() or (children().count() > id.count())}
"
"Consent.provision.period","Consent.provision.period","","","",0,1,"","","Y","Period {[]} {[]}
","Período de validade do consentimento","Período de validade do consentimento","","","","","","","","","",,,,,"",,,,"Consent.provision.period",0,1,"","ele-1:All FHIR elements must have a @value or children {hasValue() or (children().count() > id.count())}
"
"Consent.provision.actor","Consent.provision.actor","","","",0,*,"","","","BackboneElement {[]} {[]}
","Agentes autorizados","Agentes autorizados","","","","There is no specific actor associated with the exception","","","","","",,,,,"",,,,"Consent.provision.actor",0,*,"","ele-1:All FHIR elements must have a @value or children {hasValue() or (children().count() > id.count())}
"
"Consent.provision.actor.id","Consent.provision.actor.id","","","",0,1,"","","","string {[]} {[]}
","ID exclusivo para referência entre elementos","ID exclusivo para referência entre elementos","","","","","","","","","",,,,,"",,,,"Element.id",0,1,"","","n/a"
"Consent.provision.actor.extension","Consent.provision.actor.extension","","","",0,*,"","","","Extension {[]} {[]}
","Conteúdo adicional definido por implementações","Conteúdo adicional definido por implementações","","","","","","","","","",,,,,"",,,,"Element.extension",0,*,"","ele-1:All FHIR elements must have a @value or children {hasValue() or (children().count() > id.count())}
ext-1:Must have either extensions or value[x], not both {extension.exists() != value.exists()}"
"Consent.provision.actor.modifierExtension","Consent.provision.actor.modifierExtension","","","",0,*,"","Y","Y","Extension {[]} {[]}
","Extensões que não podem ser ignoradas mesmo que não sejam reconhecidas","Extensões que não podem ser ignoradas mesmo que não sejam reconhecidas","","","","","","","","","",,,,,"",,,,"BackboneElement.modifierExtension",0,*,"","ele-1:All FHIR elements must have a @value or children {hasValue() or (children().count() > id.count())}
ext-1:Must have either extensions or value[x], not both {extension.exists() != value.exists()}"
"Consent.provision.actor.role","Consent.provision.actor.role","","","",1,1,"","","","CodeableConcept {[]} {[]}
","Como o agente está envolvido","Como o agente está envolvido","","","","","","","","","",,"extensible","How an actor is involved in the consent considerations.","http://hl7.org/fhir/ValueSet/security-role-type|4.0.1","",,,,"Consent.provision.actor.role",1,1,"","ele-1:All FHIR elements must have a @value or children {hasValue() or (children().count() > id.count())}
"
"Consent.provision.actor.reference","Consent.provision.actor.reference","","","",1,1,"","","","Reference {[]} {[CanonicalType[http://hl7.org/fhir/StructureDefinition/Device], CanonicalType[https://br-core.saude.gov.br/fhir/StructureDefinition/br-core-organization], CanonicalType[https://br-core.saude.gov.br/fhir/StructureDefinition/br-core-patient], CanonicalType[https://br-core.saude.gov.br/fhir/StructureDefinition/br-core-practitioner], CanonicalType[https://br-core.saude.gov.br/fhir/StructureDefinition/br-core-practitionerrole], CanonicalType[https://br-core.saude.gov.br/fhir/StructureDefinition/br-core-relatedperson]]}
","Recurso para o ator","Recurso para o ator","","","","","","","","","",,,,,"",,,,"Consent.provision.actor.reference",1,1,"","ele-1:All FHIR elements must have a @value or children {hasValue() or (children().count() > id.count())}
"
"Consent.provision.action","Consent.provision.action","","","",0,*,"","","Y","CodeableConcept {[]} {[]}
","Ações permitidas ou negadas","Ações permitidas ou negadas","Note that this is the direct action (not the grounds for the action covered in the purpose element). At present, the only action in the understood and tested scope of this resource is 'read'.","","","all actions","","","","","",,"example","Detailed codes for the consent action.","http://hl7.org/fhir/ValueSet/consent-action|4.0.1","",,,,"Consent.provision.action",0,*,"","ele-1:All FHIR elements must have a @value or children {hasValue() or (children().count() > id.count())}
"
"Consent.provision.securityLabel","Consent.provision.securityLabel","","","",0,*,"","","Y","Coding {[]} {[]}
","Rótulos de segurança que definem os dados afetados","Rótulos de segurança que definem os dados afetados","If the consent specifies a security label of ""R"" then it applies to all resources that are labeled ""R"" or lower. E.g. for Confidentiality, it's a high water mark. For other kinds of security labels, subsumption logic applies. When the purpose of use tag is on the data, access request purpose of use shall not conflict.","","","","","","","","",,"extensible","Security Labels from the Healthcare Privacy and Security Classification System.","http://hl7.org/fhir/ValueSet/security-labels|4.0.1","",,,,"Consent.provision.securityLabel",0,*,"","ele-1:All FHIR elements must have a @value or children {hasValue() or (children().count() > id.count())}
"
"Consent.provision.purpose","Consent.provision.purpose","","","",0,*,"","","Y","Coding {[]} {[]}
","Finalidade do tratamento de dados","Finalidade do tratamento de dados","When the purpose of use tag is on the data, access request purpose of use shall not conflict.","","","","","","","","",,"extensible","What purposes of use are controlled by this exception. If more than one label is specified, operations must have all the specified labels.","http://terminology.hl7.org/ValueSet/v3-PurposeOfUse","",,,,"Consent.provision.purpose",0,*,"","ele-1:All FHIR elements must have a @value or children {hasValue() or (children().count() > id.count())}
"
"Consent.provision.class","Consent.provision.class","","","",0,*,"","","Y","Coding {[]} {[]}
","Tipo ou classe de dados pessoais","Tipo ou classe de dados pessoais","Multiple types are or'ed together. The intention of the contentType element is that the codes refer to profiles or document types defined in a standard or an implementation guide somewhere.","","","","","","","","",,"extensible","The class (type) of information a consent rule covers.","http://hl7.org/fhir/ValueSet/consent-content-class|4.0.1","",,,,"Consent.provision.class",0,*,"","ele-1:All FHIR elements must have a @value or children {hasValue() or (children().count() > id.count())}
"
"Consent.provision.code","Consent.provision.code","","","",0,*,"","","Y","CodeableConcept {[]} {[]}
","Instâncias de dados específicas","Instâncias de dados específicas","Typical use of this is a Document code with class = CDA.","","","","","","","","",,"example","If this code is found in an instance, then the exception applies.","http://hl7.org/fhir/ValueSet/consent-content-code|4.0.1","",,,,"Consent.provision.code",0,*,"","ele-1:All FHIR elements must have a @value or children {hasValue() or (children().count() > id.count())}
"
"Consent.provision.dataPeriod","Consent.provision.dataPeriod","","","",0,1,"","","Y","Period {[]} {[]}
","Período temporal dos dados cobertos","Período temporal dos dados cobertos","This has a different sense to the Consent.period - that is when the consent agreement holds. This is the time period of the data that is controlled by the agreement.","","","","","","","","",,,,,"",,,,"Consent.provision.dataPeriod",0,1,"","ele-1:All FHIR elements must have a @value or children {hasValue() or (children().count() > id.count())}
"
"Consent.provision.data","Consent.provision.data","","","",0,*,"","","Y","BackboneElement {[]} {[]}
","Dados específicos cobertos","Dados específicos cobertos","","","","all data","","","","","",,,,,"",,,,"Consent.provision.data",0,*,"","ele-1:All FHIR elements must have a @value or children {hasValue() or (children().count() > id.count())}
","Role"
"Consent.provision.data.id","Consent.provision.data.id","","","",0,1,"","","","string {[]} {[]}
","ID exclusivo para referência entre elementos","ID exclusivo para referência entre elementos","","","","","","","","","",,,,,"",,,,"Element.id",0,1,"","","n/a"
"Consent.provision.data.extension","Consent.provision.data.extension","","","",0,*,"","","","Extension {[]} {[]}
","Conteúdo adicional definido por implementações","Conteúdo adicional definido por implementações","","","","","","","","","",,,,,"",,,,"Element.extension",0,*,"","ele-1:All FHIR elements must have a @value or children {hasValue() or (children().count() > id.count())}
ext-1:Must have either extensions or value[x], not both {extension.exists() != value.exists()}"
"Consent.provision.data.modifierExtension","Consent.provision.data.modifierExtension","","","",0,*,"","Y","Y","Extension {[]} {[]}
","Extensões que não podem ser ignoradas mesmo que não sejam reconhecidas","Extensões que não podem ser ignoradas mesmo que não sejam reconhecidas","","","","","","","","","",,,,,"",,,,"BackboneElement.modifierExtension",0,*,"","ele-1:All FHIR elements must have a @value or children {hasValue() or (children().count() > id.count())}
ext-1:Must have either extensions or value[x], not both {extension.exists() != value.exists()}"
"Consent.provision.data.meaning","Consent.provision.data.meaning","","","",1,1,"","","Y","code {[]} {[]}
","Instância | relacionado | dependente | autorizado","Instância | relacionado | dependente | autorizado","","","","","","","","","",,"required","How a resource reference is interpreted when testing consent restrictions.","http://hl7.org/fhir/ValueSet/consent-data-meaning|4.0.1","",,,,"Consent.provision.data.meaning",1,1,"","ele-1:All FHIR elements must have a @value or children {hasValue() or (children().count() > id.count())}
"
"Consent.provision.data.reference","Consent.provision.data.reference","","","",1,1,"","","Y","Reference {[]} {[CanonicalType[http://hl7.org/fhir/StructureDefinition/Resource|4.0.1]]}
","O recurso real ao qual a regra de consentimento se aplica","O recurso real ao qual a regra de consentimento se aplica","","","","","","","","","",,,,,"",,,,"Consent.provision.data.reference",1,1,"","ele-1:All FHIR elements must have a @value or children {hasValue() or (children().count() > id.count())}
"
"Consent.provision.provision","Consent.provision.provision","","","",0,*,"","","","null {[]} {[]}
","Provisões aninhadas (sub-regras/exceções)","Provisões aninhadas (sub-regras/exceções)","","","","","","","","","",,,,,"",,,,"Consent.provision.provision",0,*,"","ele-1:All FHIR elements must have a @value or children {hasValue() or (children().count() > id.count())}
"
