"Id","Path","Slice Name","Alias(s)","Label","Min","Max","Must Support?","Is Modifier?","Is Summary?","Type(s)","Short","Definition","Comments","Requirements","Default Value","Meaning When Missing","Fixed Value","Pattern","Example","Minimum Value","Maximum Value","Maximum Length","Binding Strength","Binding Description","Binding Value Set","Code","Slicing Discriminator","Slicing Description","Slicing Ordered","Slicing Rules","Base Path","Base Min","Base Max","Condition(s)","Constraint(s)","Mapping: Workflow Pattern","Mapping: HL7 v2 Mapping","Mapping: RIM Mapping","Mapping: FiveWs Pattern Mapping","Mapping: Quality Improvement and Clinical Knowledge (QUICK)"
"ServiceRequest","ServiceRequest","","diagnostic request
referralreferral requesttransfer of care request","",0,*,"","","","null {[]} {[]}
","A request for a service to be performed","A record of a request for service such as diagnostic investigations, treatments, or operations to be performed.","","","","","","","","","",,,,,"",,,,"ServiceRequest",0,*,"","dom-2:If the resource is contained in another resource, it SHALL NOT contain nested Resources {contained.contained.empty()}
dom-3:If the resource is contained in another resource, it SHALL be referred to from elsewhere in the resource or SHALL refer to the containing resource {contained.where((('#'+id in (%resource.descendants().reference | %resource.descendants().as(canonical) | %resource.descendants().as(uri) | %resource.descendants().as(url))) or descendants().where(reference = '#').exists() or descendants().where(as(canonical) = '#').exists() or descendants().where(as(canonical) = '#').exists()).not()).trace('unmatched', id).empty()}dom-4:If a resource is contained in another resource, it SHALL NOT have a meta.versionId or a meta.lastUpdated {contained.meta.versionId.empty() and contained.meta.lastUpdated.empty()}dom-5:If a resource is contained in another resource, it SHALL NOT have a security label {contained.meta.security.empty()}dom-6:A resource should have narrative for robust management {text.`div`.exists()}prr-1:orderDetail SHALL only be present if code is present {orderDetail.empty() or code.exists()}","Request","ORC","Entity. Role, or Act","Act[moodCode<=INT]"
"ServiceRequest.id","ServiceRequest.id","","","",0,1,"","","Y","id {[]} {[]}
","Identificador lógico deste artefato","Identificador lógico deste artefato","The only time that a resource does not have an id is when it is being submitted to the server using a create operation.","","","","","","","","",,,,,"",,,,"Resource.id",0,1,"",""
"ServiceRequest.meta","ServiceRequest.meta","","","",0,1,"","","Y","Meta {[]} {[]}
","Metadados sobre o recurso","Metadados sobre o recurso","","","","","","","","","",,,,,"",,,,"Resource.meta",0,1,"","ele-1:All FHIR elements must have a @value or children {hasValue() or (children().count() > id.count())}
"
"ServiceRequest.implicitRules","ServiceRequest.implicitRules","","","",0,1,"","Y","Y","uri {[]} {[]}
","Um conjunto de regras sob as quais este conteúdo foi criado","Um conjunto de regras sob as quais este conteúdo foi criado","Asserting this rule set restricts the content to be only understood by a limited set of trading partners. This inherently limits the usefulness of the data in the long term. However, the existing health eco-system is highly fractured, and not yet ready to define, collect, and exchange data in a generally computable sense. Wherever possible, implementers and/or specification writers should avoid using this element. Often, when used, the URL is a reference to an implementation guide that defines these special rules as part of it's narrative along with other profiles, value sets, etc.","","","","","","","","",,,,,"",,,,"Resource.implicitRules",0,1,"","ele-1:All FHIR elements must have a @value or children {hasValue() or (children().count() > id.count())}
"
"ServiceRequest.language","ServiceRequest.language","","","",0,1,"","","","code {[]} {[]}
","Idioma do recurso","Idioma do recurso","Language is provided to support indexing and accessibility (typically, services such as text to speech use the language tag). The html language tag in the narrative applies  to the narrative. The language tag on the resource may be used to specify the language of other presentations generated from the data in the resource. Not all the content has to be in the base language. The Resource.language should not be assumed to apply to the narrative automatically. If a language is specified, it should it also be specified on the div element in the html (see rules in HTML5 for information about the relationship between xml:lang and the html lang attribute).","","","","","","","","",,"preferred","A human language.","http://hl7.org/fhir/ValueSet/languages|4.0.1","",,,,"Resource.language",0,1,"","ele-1:All FHIR elements must have a @value or children {hasValue() or (children().count() > id.count())}
"
"ServiceRequest.text","ServiceRequest.text","","narrative
htmlxhtmldisplay","",0,1,"","","","Narrative {[]} {[]}
","Resumo do texto do recurso em linguagem natural","Resumo do texto do recurso em linguagem natural","Contained resources do not have narrative. Resources that are not contained SHOULD have a narrative. In some cases, a resource may only have text with little or no additional discrete data (as long as all minOccurs=1 elements are satisfied).  This may be necessary for data from legacy systems where information is captured as a ""text blob"" or where text is additionally entered raw or narrated and encoded information is added later.","","","","","","","","",,,,,"",,,,"DomainResource.text",0,1,"","ele-1:All FHIR elements must have a @value or children {hasValue() or (children().count() > id.count())}
","Act.text?"
"ServiceRequest.contained","ServiceRequest.contained","","inline resources
anonymous resourcescontained resources","",0,*,"","","","Resource {[]} {[]}
","Contained, inline Resources","Recursos contidos no recurso","This should never be done when the content can be identified properly, as once identification is lost, it is extremely difficult (and context dependent) to restore it again. Contained resources may have profiles and tags In their meta elements, but SHALL NOT have security labels.","","","","","","","","",,,,,"",,,,"DomainResource.contained",0,*,"","","N/A"
"ServiceRequest.extension","ServiceRequest.extension","","","",0,*,"","","","Extension {[]} {[]}
","Extension","Extensões adicionais que não fazem parte do modelo base","","","","","","","","","",,,,,"",,,,"DomainResource.extension",0,*,"","ele-1:All FHIR elements must have a @value or children {hasValue() or (children().count() > id.count())}
ext-1:Must have either extensions or value[x], not both {extension.exists() != value.exists()}"
"ServiceRequest.modifierExtension","ServiceRequest.modifierExtension","","","",0,*,"","Y","","Extension {[]} {[]}
","Extensões adicionais que não podem ser ignoradas, mesmo que não reconhecidas","Extensões adicionais que não podem ser ignoradas, mesmo que não reconhecidas","","","","","","","","","",,,,,"",,,,"DomainResource.modifierExtension",0,*,"","ele-1:All FHIR elements must have a @value or children {hasValue() or (children().count() > id.count())}
ext-1:Must have either extensions or value[x], not both {extension.exists() != value.exists()}"
"ServiceRequest.identifier","ServiceRequest.identifier","","","",0,*,"","","Y","Identifier {[]} {[]}
","Identificadores externos para este recurso","Identificadores externos para este recurso","The identifier.type element is used to distinguish between the identifiers assigned by the orderer (known as the 'Placer' in HL7 v2) and the producer of the observations in response to the order (known as the 'Filler' in HL7 v2).  For further discussion and examples see the resource notes section below.","","","","","","","","",,,,,"",,,,"ServiceRequest.identifier",0,*,"","ele-1:All FHIR elements must have a @value or children {hasValue() or (children().count() > id.count())}
","Request.identifier","ORC.2, ORC.3, RF1-6 / RF1-11,",".identifier","FiveWs.identifier","ClinicalStatement.identifier"
"ServiceRequest.instantiatesCanonical","ServiceRequest.instantiatesCanonical","","","",0,*,"","","Y","canonical {[]} {[CanonicalType[http://hl7.org/fhir/StructureDefinition/ActivityDefinition|4.0.1], CanonicalType[http://hl7.org/fhir/StructureDefinition/PlanDefinition|4.0.1]]}
","Instancia o protocolo ou definição FHIR","Instancia o protocolo ou definição FHIR","Note: This is a business identifier, not a resource identifier (see [discussion](http://hl7.org/fhir/R4/resource.html#identifiers)).  It is best practice for the identifier to only appear on a single resource instance, however business practices may occasionally dictate that multiple resource instances with the same identifier can exist - possibly even with different resource types.  For example, multiple Patient and a Person resource instance might share the same social insurance number.","","","","","","","","",,,,,"",,,,"ServiceRequest.instantiatesCanonical",0,*,"","ele-1:All FHIR elements must have a @value or children {hasValue() or (children().count() > id.count())}
","Request.instantiatesCanonical","Varies by domain",".outboundRelationship[typeCode=DEFN].target"
"ServiceRequest.instantiatesUri","ServiceRequest.instantiatesUri","","","",0,*,"","","Y","uri {[]} {[]}
","Instancia protocolo externo ou definição","Instancia protocolo externo ou definição","This might be an HTML page, PDF, etc. or could just be a non-resolvable URI identifier.","","","","","","","","",,,,,"",,,,"ServiceRequest.instantiatesUri",0,*,"","ele-1:All FHIR elements must have a @value or children {hasValue() or (children().count() > id.count())}
","Request.instantiatesUri","Varies by domain",".outboundRelationship[typeCode=DEFN].target"
"ServiceRequest.basedOn","ServiceRequest.basedOn","","fulfills
","",0,*,"","","Y","Reference {[]} {[CanonicalType[https://br-core.saude.gov.br/fhir/StructureDefinition/br-core-careplan], CanonicalType[https://br-core.saude.gov.br/fhir/StructureDefinition/br-core-servicerequest], CanonicalType[https://br-core.saude.gov.br/fhir/StructureDefinition/br-core-medicationrequest]]}
","Referência aos planos de cuidado/solicitações/medicamentos associados a esta requisição","Referência aos planos de cuidado/solicitações/medicamentos associados a esta requisição","","","","","","","","","",,,,,"",,,,"ServiceRequest.basedOn",0,*,"","ele-1:All FHIR elements must have a @value or children {hasValue() or (children().count() > id.count())}
","Request.basedOn","ORC.8 (plus others)",".outboundRelationship[typeCode=FLFS].target"
"ServiceRequest.replaces","ServiceRequest.replaces","","supersedes
priorrenewed order","",0,*,"","","Y","Reference {[]} {[CanonicalType[http://hl7.org/fhir/StructureDefinition/ServiceRequest|4.0.1]]}
","Referência à requisição a ser substituida","Referência à requisição a ser substituida","","","","","","","","","",,,,,"",,,,"ServiceRequest.replaces",0,*,"","ele-1:All FHIR elements must have a @value or children {hasValue() or (children().count() > id.count())}
","Request.replaces","Handled by message location of ORC (ORC.1=RO or RU)",".outboundRelationship[typeCode=RPLC].target"
"ServiceRequest.requisition","ServiceRequest.requisition","","grouperId
groupIdentifier","",0,1,"","","Y","Identifier {[]} {[]}
","Identificador da requisição","Identificador da requisição","Requests are linked either by a ""basedOn"" relationship (i.e. one request is fulfilling another) or by having a common requisition. Requests that are part of the same requisition are generally treated independently from the perspective of changing their state or maintaining them after initial creation.","Some business processes need to know if multiple items were ordered as part of the same ""requisition"" for billing or other purposes.","","","","","","","",,,,,"",,,,"ServiceRequest.requisition",0,1,"","ele-1:All FHIR elements must have a @value or children {hasValue() or (children().count() > id.count())}
","Request.groupIdentifier","ORC.4",".inboundRelationship(typeCode=COMP].source[moodCode=INT].identifier"
"ServiceRequest.status","ServiceRequest.status","","","",1,1,"","Y","Y","code {[]} {[]}
","Status da requisição","Status da requisição","The status is generally fully in the control of the requester - they determine whether the order is draft or active and, after it has been activated, competed, cancelled or suspended. States relating to the activities of the performer are reflected on either the corresponding event (see [Event Pattern](http://hl7.org/fhir/R4/event.html) for general discussion) or using the [Task](http://hl7.org/fhir/R4/task.html) resource.","","","","","","","","",,"required","The status of a service order.","http://hl7.org/fhir/ValueSet/request-status|4.0.1","",,,,"ServiceRequest.status",1,1,"","ele-1:All FHIR elements must have a @value or children {hasValue() or (children().count() > id.count())}
","Request.status","ORC.5,RF1-1",".status","FiveWs.status","Action.currentStatus"
"ServiceRequest.intent","ServiceRequest.intent","","","",1,1,"","Y","Y","code {[]} {[]}
","Código da intencionalidade desta requisição","Código da intencionalidade desta requisição","This element is labeled as a modifier because the intent alters when and how the resource is actually applicable.","","","","","","","","",,"required","The kind of service request.","http://hl7.org/fhir/ValueSet/request-intent|4.0.1","",,,,"ServiceRequest.intent",1,1,"","ele-1:All FHIR elements must have a @value or children {hasValue() or (children().count() > id.count())}
","Request.intent","N/A",".moodCode (nuances beyond PRP/PLAN/RQO would need to be elsewhere)","FiveWs.class"
"ServiceRequest.category","ServiceRequest.category","","","",1,1,"","","Y","CodeableConcept {[]} {[]}
","Categoria desta requisição","Categoria desta requisição","There may be multiple axis of categorization depending on the context or use case for retrieving or displaying the resource.  The level of granularity is defined by the category concepts in the value set.","Used for filtering what service request are retrieved and displayed.","","","","","","","",,"example","","https://terminologia.saude.gov.br/fhir/ValueSet/BRCategoriaProcedimento","",,,,"ServiceRequest.category",0,*,"","ele-1:All FHIR elements must have a @value or children {hasValue() or (children().count() > id.count())}
","RF1-5",".outboundRelationship[typeCode=""COMP].target[classCode=""LIST"", moodCode=""INT""].code","FiveWs.class"
"ServiceRequest.priority","ServiceRequest.priority","","","",1,1,"","","Y","code {[]} {[]}
","Prioridade desta requisição","Prioridade desta requisição","","","","If missing, this task should be performed with normal priority","","","","","",,"required","","https://terminologia.saude.gov.br/fhir/ValueSet/BRCaraterAtendimentoMIRA","",,,,"ServiceRequest.priority",0,1,"","ele-1:All FHIR elements must have a @value or children {hasValue() or (children().count() > id.count())}
","Request.priority","TQ1.9, RF1-2",".priorityCode","FiveWs.grade"
"ServiceRequest.doNotPerform","ServiceRequest.doNotPerform","","","",0,1,"","Y","Y","boolean {[]} {[]}
","Verdadeiro se o serviço/procedimento não deve ser executado","Verdadeiro se o serviço/procedimento não deve ser executado","In general, only the code and timeframe will be present, though occasional additional qualifiers such as body site or even performer could be included to narrow the scope of the prohibition.  If the ServiceRequest.code and ServiceRequest.doNotPerform both contain negation, that will reinforce prohibition and should not have a double negative interpretation.","Used for do not ambulate, do not elevate head of bed, do not flush NG tube, do not take blood pressure on a certain arm, etc.","","If missing, the request is a positive request e.g. ""do perform""","","","","","",,,,,"",,,,"ServiceRequest.doNotPerform",0,1,"","ele-1:All FHIR elements must have a @value or children {hasValue() or (children().count() > id.count())}
","Request.doNotPerform",".actionNegationInd"
"ServiceRequest.code","ServiceRequest.code","","service requested
","",1,1,"","","Y","CodeableConcept {[]} {[]}
","Código do procedimento solicitado","Código do procedimento solicitado","Many laboratory and radiology procedure codes embed the specimen/organ system in the test order name, for example,  serum or serum/plasma glucose, or a chest x-ray. The specimen might not be recorded separately from the test code.","","","","","","","","",,"example","","https://terminologia.saude.gov.br/fhir/ValueSet/BRProcedimentosNacionais","",,,,"ServiceRequest.code",0,1,"","ele-1:All FHIR elements must have a @value or children {hasValue() or (children().count() > id.count())}
","Request.code","PR1-3 / OBR-4  (varies by domain)",".code","FiveWs.what[x]","Procedure.procedureCode"
"ServiceRequest.orderDetail","ServiceRequest.orderDetail","","detailed instructions
","",0,*,"","","Y","CodeableConcept {[]} {[]}
","Informações adicionais da requesição","Informações adicionais da requesição","For information from the medical record intended to support the delivery of the requested services, use the `supportingInformation` element.","","","","","","","","",,"example","Codified order entry details which are based on order context.","http://hl7.org/fhir/ValueSet/servicerequest-orderdetail|4.0.1","",,,,"ServiceRequest.orderDetail",0,*,"prr-1
","ele-1:All FHIR elements must have a @value or children {hasValue() or (children().count() > id.count())}
","NTE",".code","Procedure.procedureCode"
"ServiceRequest.quantity[x]","ServiceRequest.quantity[x]","","","",0,1,"","","Y","Quantity {[]} {[]}
Ratio {[]} {[]}Range {[]} {[]}","Quantidade de procedimento solicitados","Quantidade de procedimento solicitados","","When ordering a service the number of service items may need to be specified separately from the the service item.","","","","","","","",,,,,"",,,,"ServiceRequest.quantity[x]",0,1,"","ele-1:All FHIR elements must have a @value or children {hasValue() or (children().count() > id.count())}
","NTE",".quantity"
"ServiceRequest.subject","ServiceRequest.subject","","","",1,1,"","","Y","Reference {[]} {[CanonicalType[https://br-core.saude.gov.br/fhir/StructureDefinition/br-core-patient], CanonicalType[http://hl7.org/fhir/StructureDefinition/Group], CanonicalType[https://br-core.saude.gov.br/fhir/StructureDefinition/br-core-location], CanonicalType[http://hl7.org/fhir/StructureDefinition/Device]]}
","Referência ao paciente/grupo/localidade/dispositivo associado a esta requisição","Referência ao paciente/grupo/localidade/dispositivo associado a esta requisição","","","","","","","","","",,,,,"",,,,"ServiceRequest.subject",1,1,"","ele-1:All FHIR elements must have a @value or children {hasValue() or (children().count() > id.count())}
","Request.subject","PID",".participation[typeCode=SBJ].role","FiveWs.subject[x]","FiveWs.subject","ClinicalStatement.subject"
"ServiceRequest.encounter","ServiceRequest.encounter","","context
","",0,1,"","","Y","Reference {[]} {[CanonicalType[http://hl7.org/fhir/StructureDefinition/Encounter|4.0.1]]}
","Referência ao atendimento relacionado a esta requisição","Referência ao atendimento relacionado a esta requisição","","","","","","","","","",,,,,"",,,,"ServiceRequest.encounter",0,1,"","ele-1:All FHIR elements must have a @value or children {hasValue() or (children().count() > id.count())}
","Request.encounter","PV1",".inboundRelationship(typeCode=COMP].source[classCode<=PCPR, moodCode=EVN]","FiveWs.context","ClinicalStatement.encounter"
"ServiceRequest.occurrence[x]","ServiceRequest.occurrence[x]","","schedule
","",0,1,"","","Y","dateTime {[]} {[]}
Period {[]} {[]}Timing {[]} {[]}","Quando o procedimento deve ocorrer","Quando o procedimento deve ocorrer","","","","","","","","","",,,,,"",,,,"ServiceRequest.occurrence[x]",0,1,"","ele-1:All FHIR elements must have a @value or children {hasValue() or (children().count() > id.count())}
","Request.occurrence[x]","TQ1/TQ2, OBR-7/OBR-8",".effectiveTime","FiveWs.planned","Procedure.procedureSchedule"
"ServiceRequest.asNeeded[x]","ServiceRequest.asNeeded[x]","","","",0,1,"","","Y","boolean {[]} {[]}
CodeableConcept {[]} {[]}","Pré-condições para a realização do procedimento","Pré-condições para a realização do procedimento","","","","","","","","","",,"example","A coded concept identifying the pre-condition that should hold prior to performing a procedure.  For example ""pain"", ""on flare-up"", etc.","http://hl7.org/fhir/ValueSet/medication-as-needed-reason|4.0.1","",,,,"ServiceRequest.asNeeded[x]",0,1,"","ele-1:All FHIR elements must have a @value or children {hasValue() or (children().count() > id.count())}
","boolean: precondition.negationInd (inversed - so negationInd = true means asNeeded=false CodeableConcept: precondition.observationEventCriterion[code=""Assertion""].value","Proposal.prnReason.reason"
"ServiceRequest.authoredOn","ServiceRequest.authoredOn","","orderedOn
","",0,1,"","","Y","dateTime {[]} {[]}
","Data de assinatura da requisição","Data de assinatura da requisição","","","","","","","","","",,,,,"",,,,"ServiceRequest.authoredOn",0,1,"","ele-1:All FHIR elements must have a @value or children {hasValue() or (children().count() > id.count())}
","Request.authoredOn","ORC.9,  RF1-7 / RF1-9",".participation[typeCode=AUT].time","FiveWs.recorded","Proposal.proposedAtTime"
"ServiceRequest.requester","ServiceRequest.requester","","author
orderer","",1,1,"","","Y","Reference {[]} {[CanonicalType[https://br-core.saude.gov.br/fhir/StructureDefinition/br-core-practitioner], CanonicalType[https://br-core.saude.gov.br/fhir/StructureDefinition/br-core-practitionerrole], CanonicalType[https://br-core.saude.gov.br/fhir/StructureDefinition/br-core-organization], CanonicalType[https://br-core.saude.gov.br/fhir/StructureDefinition/br-core-patient], CanonicalType[http://hl7.org/fhir/StructureDefinition/Device], CanonicalType[https://br-core.saude.gov.br/fhir/StructureDefinition/br-core-relatedperson]]}
","Referência ao profissional/organização/paciente/dispotivo/pessoa relacionada que está solicitando o procedimento","Referência ao profissional/organização/paciente/dispotivo/pessoa relacionada que está solicitando o procedimento","This not the dispatcher, but rather who is the authorizer.  This element is not intended to handle delegation which would generally be managed through the Provenance resource.","","","","","","","","",,,,,"",,,,"ServiceRequest.requester",0,1,"","ele-1:All FHIR elements must have a @value or children {hasValue() or (children().count() > id.count())}
","Request.requester","ORC.12, PRT",".participation[typeCode=AUT].role","FiveWs.author","ClinicalStatement.statementAuthor"
"ServiceRequest.performerType","ServiceRequest.performerType","","specialty
","",0,1,"","","Y","CodeableConcept {[]} {[]}
","Função do profissional executante solicitado","Função do profissional executante solicitado","This is a  role, not  a participation type.  In other words, does not describe the task but describes the capacity.  For example, “compounding pharmacy”, “psychiatrist” or “internal referral”.","","","","","","","","",,"example","Indicates specific responsibility of an individual within the care team, such as ""Primary physician"", ""Team coordinator"", ""Caregiver"", etc.","http://hl7.org/fhir/ValueSet/participant-role|4.0.1","",,,,"ServiceRequest.performerType",0,1,"","ele-1:All FHIR elements must have a @value or children {hasValue() or (children().count() > id.count())}
","Request.performerType","PRT, RF!-3",".participation[typeCode=PRF].role[scoper.determinerCode=KIND].code","FiveWs.actor"
"ServiceRequest.performer","ServiceRequest.performer","","request recipient
","",0,1,"","","Y","Reference {[]} {[CanonicalType[https://br-core.saude.gov.br/fhir/StructureDefinition/br-core-practitioner], CanonicalType[https://br-core.saude.gov.br/fhir/StructureDefinition/br-core-practitionerrole], CanonicalType[https://br-core.saude.gov.br/fhir/StructureDefinition/br-core-organization], CanonicalType[http://hl7.org/fhir/StructureDefinition/CareTeam], CanonicalType[https://br-core.saude.gov.br/fhir/StructureDefinition/br-core-healthcareservice], CanonicalType[https://br-core.saude.gov.br/fhir/StructureDefinition/br-core-patient], CanonicalType[http://hl7.org/fhir/StructureDefinition/Device], CanonicalType[https://br-core.saude.gov.br/fhir/StructureDefinition/br-core-relatedperson]]}
","Referência ao profissional executante solicitado","Referência ao profissional executante solicitado","If multiple performers are present, it is interpreted as a list of *alternative* performers without any preference regardless of order.  If order of preference is needed use the [request-performerOrder extension](http://hl7.org/fhir/R4/extension-request-performerorder.html).  Use CareTeam to represent a group of performers (for example, Practitioner A *and* Practitioner B).","","","","","","","","",,,,,"",,,,"ServiceRequest.performer",0,*,"","ele-1:All FHIR elements must have a @value or children {hasValue() or (children().count() > id.count())}
","Request.performer","PRT, Practitioner: PRD-2/PRD-7 where PRD-3 = RT; Organization: PRD-10 where PRD-3 = RT",".participation[typeCode=PRF].role[scoper.determinerCode=INSTANCE]","FiveWs.actor"
"ServiceRequest.locationCode","ServiceRequest.locationCode","","","",0,*,"","","Y","CodeableConcept {[]} {[]}
","Localização solicitada","Localização solicitada","","","","","","","","","",,"example","A location type where services are delivered.","http://terminology.hl7.org/ValueSet/v3-ServiceDeliveryLocationRoleType","",,,,"ServiceRequest.locationCode",0,*,"","ele-1:All FHIR elements must have a @value or children {hasValue() or (children().count() > id.count())}
",".participation[typeCode=LOC].role[scoper.determinerCode=KIND].code","FiveWs.actor"
"ServiceRequest.locationReference","ServiceRequest.locationReference","","","",0,*,"","","Y","Reference {[]} {[CanonicalType[https://br-core.saude.gov.br/fhir/StructureDefinition/br-core-location]]}
","ReferÇencia à localização solicitada","ReferÇencia à localização solicitada","","","","","","","","","",,,,,"",,,,"ServiceRequest.locationReference",0,*,"","ele-1:All FHIR elements must have a @value or children {hasValue() or (children().count() > id.count())}
",".participation[typeCode=LOC].role[scoper.determinerCode=INSTANCE]","FiveWs.actor"
"ServiceRequest.reasonCode","ServiceRequest.reasonCode","","","",0,*,"","","Y","CodeableConcept {[]} {[]}
","Explicação/Justificativa para procedimento ou serviço","Explicação/Justificativa para procedimento ou serviço","This element represents why the referral is being made and may be used to decide how the service will be performed, or even if it will be performed at all.   Use `CodeableConcept.text` element if the data is free (uncoded) text as shown in the [CT Scan example](http://hl7.org/fhir/R4/servicerequest-example-di.html).","","","","","","","","",,"example","Diagnosis or problem codes justifying the reason for requesting the service investigation.","http://hl7.org/fhir/ValueSet/procedure-reason|4.0.1","",,,,"ServiceRequest.reasonCode",0,*,"","ele-1:All FHIR elements must have a @value or children {hasValue() or (children().count() > id.count())}
","Request.reasonCode","ORC.16, RF1-10",".reasonCode","FiveWs.why[x]"
"ServiceRequest.reasonReference","ServiceRequest.reasonReference","","","",0,*,"","","Y","Reference {[]} {[CanonicalType[https://br-core.saude.gov.br/fhir/StructureDefinition/br-core-condition], CanonicalType[https://br-core.saude.gov.br/fhir/StructureDefinition/br-core-observation], CanonicalType[https://br-core.saude.gov.br/fhir/StructureDefinition/br-core-diagnosticreport], CanonicalType[http://hl7.org/fhir/StructureDefinition/DocumentReference]]}
","Referência à explicação/justificativa para serviço ou procedimento","Referência à explicação/justificativa para serviço ou procedimento","This element represents why the referral is being made and may be used to decide how the service will be performed, or even if it will be performed at all.    To be as specific as possible,  a reference to  *Observation* or *Condition* should be used if available.  Otherwise when referencing  *DiagnosticReport*  it should contain a finding  in `DiagnosticReport.conclusion` and/or `DiagnosticReport.conclusionCode`.   When using a reference to *DocumentReference*, the target document should contain clear findings language providing the relevant reason for this service request.  Use  the CodeableConcept text element in `ServiceRequest.reasonCode` if the data is free (uncoded) text as shown in the [CT Scan example](http://hl7.org/fhir/R4/servicerequest-example-di.html).","","","","","","","","",,,,,"",,,,"ServiceRequest.reasonReference",0,*,"","ele-1:All FHIR elements must have a @value or children {hasValue() or (children().count() > id.count())}
","Request.reasonReference","ORC.16",".outboundRelationship[typeCode=RSON].target","FiveWs.why[x]"
"ServiceRequest.insurance","ServiceRequest.insurance","","","",0,*,"","","","Reference {[]} {[CanonicalType[http://hl7.org/fhir/StructureDefinition/Coverage|4.0.1], CanonicalType[http://hl7.org/fhir/StructureDefinition/ClaimResponse|4.0.1]]}
","Referência às coberturas associadas","Referência às coberturas associadas","","","","","","","","","",,,,,"",,,,"ServiceRequest.insurance",0,*,"","ele-1:All FHIR elements must have a @value or children {hasValue() or (children().count() > id.count())}
","Request.insurance","IN1/IN2",".outboundRelationship[typeCode=COVBY].target"
"ServiceRequest.supportingInfo","ServiceRequest.supportingInfo","","Ask at order entry question
AOE","",0,*,"","","","Reference {[]} {[CanonicalType[http://hl7.org/fhir/StructureDefinition/Resource|4.0.1]]}
","Referência às informações adicionais","Referência às informações adicionais","To represent information about how the services are to be delivered use the `instructions` element.","","","","","","","","",,,,,"",,,,"ServiceRequest.supportingInfo",0,*,"","ele-1:All FHIR elements must have a @value or children {hasValue() or (children().count() > id.count())}
","Request.supportingInfo","Accompanying segments",".outboundRelationship[typeCode=PERT].target"
"ServiceRequest.specimen","ServiceRequest.specimen","","","",0,*,"","","Y","Reference {[]} {[CanonicalType[http://hl7.org/fhir/StructureDefinition/Specimen|4.0.1]]}
","Referência à amostras associadas","Referência à amostras associadas","Many diagnostic procedures need a specimen, but the request itself is not actually about the specimen. This element is for when the diagnostic is requested on already existing specimens and the request points to the specimen it applies to.    Conversely, if the request is entered first with an unknown specimen, then the [Specimen](http://hl7.org/fhir/R4/specimen.html) resource points to the ServiceRequest.","","","","","","","","",,,,,"",,,,"ServiceRequest.specimen",0,*,"","ele-1:All FHIR elements must have a @value or children {hasValue() or (children().count() > id.count())}
","SPM",".participation[typeCode=SPC].role"
"ServiceRequest.bodySite","ServiceRequest.bodySite","","location
","",0,*,"","","Y","CodeableConcept {[]} {[]}
","Local anatômico associado ao procedimento","Local anatômico associado ao procedimento","Only used if not implicit in the code found in ServiceRequest.code.  If the use case requires BodySite to be handled as a separate resource instead of an inline coded element (e.g. to identify and track separately)  then use the standard extension [procedure-targetBodyStructure](http://hl7.org/fhir/R4/extension-procedure-targetbodystructure.html).","Knowing where the procedure is performed is important for tracking if multiple sites are possible.","","","","","","","",,"example","","http://hl7.org/fhir/ValueSet/body-site","",,,,"ServiceRequest.bodySite",0,*,"","ele-1:All FHIR elements must have a @value or children {hasValue() or (children().count() > id.count())}
","SPM","targetSiteCode","Procedure.targetBodySite"
"ServiceRequest.note","ServiceRequest.note","","","",0,*,"","","","Annotation {[]} {[]}
","Comentários","Comentários","","","","","","","","","",,,,,"",,,,"ServiceRequest.note",0,*,"","ele-1:All FHIR elements must have a @value or children {hasValue() or (children().count() > id.count())}
","Request.note","NTE",".inboundRelationship(typeCode=SUBJ].source[classCode=ANNGEN, moodCode=EVN].value[xsi:type=ST]","ClinicalStatement.additionalText"
"ServiceRequest.patientInstruction","ServiceRequest.patientInstruction","","","",0,1,"","","Y","string {[]} {[]}
","Instruções para o paciente","Instruções para o paciente","","","","","","","","","",,,,,"",,,,"ServiceRequest.patientInstruction",0,1,"","ele-1:All FHIR elements must have a @value or children {hasValue() or (children().count() > id.count())}
","NTE",".text"
"ServiceRequest.relevantHistory","ServiceRequest.relevantHistory","","","",0,*,"","","","Reference {[]} {[CanonicalType[http://hl7.org/fhir/StructureDefinition/Provenance|4.0.1]]}
","Referência ao recurso Provenance","Referência ao recurso Provenance","This might not include provenances for all versions of the request – only those deemed “relevant” or important.This SHALL NOT include the Provenance associated with this current version of the resource.  (If that provenance is deemed to be a “relevant” change, it will need to be added as part of a later update.  Until then, it can be queried directly as the Provenance that points to this version using _revincludeAll Provenances should have some historical version of this Request as their subject.","","","","","","","","",,,,,"",,,,"ServiceRequest.relevantHistory",0,*,"","ele-1:All FHIR elements must have a @value or children {hasValue() or (children().count() > id.count())}
","Request.relevantHistory","N/A",".inboundRelationship(typeCode=SUBJ].source[classCode=CACT, moodCode=EVN]"
