"Id","Path","Slice Name","Alias(s)","Label","Min","Max","Must Support?","Is Modifier?","Is Summary?","Type(s)","Short","Definition","Comments","Requirements","Default Value","Meaning When Missing","Fixed Value","Pattern","Example","Minimum Value","Maximum Value","Maximum Length","Binding Strength","Binding Description","Binding Value Set","Code","Slicing Discriminator","Slicing Description","Slicing Ordered","Slicing Rules","Base Path","Base Min","Base Max","Condition(s)","Constraint(s)","Mapping: RIM Mapping","Mapping: FiveWs Pattern Mapping","Mapping: HL7 v2 Mapping"
"Specimen","Specimen","","","",0,*,"","","","null {[]} {[]}
","Sample for analysis","A sample to be used for analysis.","","","","","","","","","",,,,,"",,,,"Specimen",0,*,"","dom-2:If the resource is contained in another resource, it SHALL NOT contain nested Resources {contained.contained.empty()}
dom-3:If the resource is contained in another resource, it SHALL be referred to from elsewhere in the resource or SHALL refer to the containing resource {contained.where((('#'+id in (%resource.descendants().reference | %resource.descendants().as(canonical) | %resource.descendants().as(uri) | %resource.descendants().as(url))) or descendants().where(reference = '#').exists() or descendants().where(as(canonical) = '#').exists() or descendants().where(as(canonical) = '#').exists()).not()).trace('unmatched', id).empty()}dom-4:If a resource is contained in another resource, it SHALL NOT have a meta.versionId or a meta.lastUpdated {contained.meta.versionId.empty() and contained.meta.lastUpdated.empty()}dom-5:If a resource is contained in another resource, it SHALL NOT have a security label {contained.meta.security.empty()}dom-6:A resource should have narrative for robust management {text.`div`.exists()}","Entity. Role, or Act","Role[classCode=SPEC]"
"Specimen.id","Specimen.id","","","",0,1,"","","Y","id {[]} {[]}
","Identificador lógico deste artefato","Identificador lógico deste artefato","The only time that a resource does not have an id is when it is being submitted to the server using a create operation.","","","","","","","","",,,,,"",,,,"Resource.id",0,1,"",""
"Specimen.meta","Specimen.meta","","","",0,1,"","","Y","Meta {[]} {[]}
","Metadados sobre o recurso","Metadados sobre o recurso","","","","","","","","","",,,,,"",,,,"Resource.meta",0,1,"","ele-1:All FHIR elements must have a @value or children {hasValue() or (children().count() > id.count())}
"
"Specimen.implicitRules","Specimen.implicitRules","","","",0,1,"","Y","Y","uri {[]} {[]}
","Um conjunto de regras sob as quais este conteúdo foi criado","Um conjunto de regras sob as quais este conteúdo foi criado","Asserting this rule set restricts the content to be only understood by a limited set of trading partners. This inherently limits the usefulness of the data in the long term. However, the existing health eco-system is highly fractured, and not yet ready to define, collect, and exchange data in a generally computable sense. Wherever possible, implementers and/or specification writers should avoid using this element. Often, when used, the URL is a reference to an implementation guide that defines these special rules as part of it's narrative along with other profiles, value sets, etc.","","","","","","","","",,,,,"",,,,"Resource.implicitRules",0,1,"","ele-1:All FHIR elements must have a @value or children {hasValue() or (children().count() > id.count())}
"
"Specimen.language","Specimen.language","","","",0,1,"","","","code {[]} {[]}
","Idioma do recurso","Idioma do recurso","Language is provided to support indexing and accessibility (typically, services such as text to speech use the language tag). The html language tag in the narrative applies  to the narrative. The language tag on the resource may be used to specify the language of other presentations generated from the data in the resource. Not all the content has to be in the base language. The Resource.language should not be assumed to apply to the narrative automatically. If a language is specified, it should it also be specified on the div element in the html (see rules in HTML5 for information about the relationship between xml:lang and the html lang attribute).","","","","","","","","",,"preferred","A human language.","http://hl7.org/fhir/ValueSet/languages|4.0.1","",,,,"Resource.language",0,1,"","ele-1:All FHIR elements must have a @value or children {hasValue() or (children().count() > id.count())}
"
"Specimen.text","Specimen.text","","narrative
htmlxhtmldisplay","",0,1,"","","","Narrative {[]} {[]}
","Resumo do texto do recurso em linguagem natural","Resumo do texto do recurso em linguagem natural","Contained resources do not have narrative. Resources that are not contained SHOULD have a narrative. In some cases, a resource may only have text with little or no additional discrete data (as long as all minOccurs=1 elements are satisfied).  This may be necessary for data from legacy systems where information is captured as a ""text blob"" or where text is additionally entered raw or narrated and encoded information is added later.","","","","","","","","",,,,,"",,,,"DomainResource.text",0,1,"","ele-1:All FHIR elements must have a @value or children {hasValue() or (children().count() > id.count())}
","Act.text?"
"Specimen.contained","Specimen.contained","","inline resources
anonymous resourcescontained resources","",0,*,"","","","Resource {[]} {[]}
","Contained, inline Resources","Recursos contidos no recurso","This should never be done when the content can be identified properly, as once identification is lost, it is extremely difficult (and context dependent) to restore it again. Contained resources may have profiles and tags In their meta elements, but SHALL NOT have security labels.","","","","","","","","",,,,,"",,,,"DomainResource.contained",0,*,"","","N/A"
"Specimen.extension","Specimen.extension","","","",0,*,"","","","Extension {[]} {[]}
","Extension","Extensões adicionais que não fazem parte do modelo base","","","","","","","","","",,,,,"",,,,"DomainResource.extension",0,*,"","ele-1:All FHIR elements must have a @value or children {hasValue() or (children().count() > id.count())}
ext-1:Must have either extensions or value[x], not both {extension.exists() != value.exists()}"
"Specimen.modifierExtension","Specimen.modifierExtension","","","",0,*,"","Y","","Extension {[]} {[]}
","Extensões adicionais que não podem ser ignoradas, mesmo que não reconhecidas","Extensões adicionais que não podem ser ignoradas, mesmo que não reconhecidas","","","","","","","","","",,,,,"",,,,"DomainResource.modifierExtension",0,*,"","ele-1:All FHIR elements must have a @value or children {hasValue() or (children().count() > id.count())}
ext-1:Must have either extensions or value[x], not both {extension.exists() != value.exists()}"
"Specimen.identifier","Specimen.identifier","","","",0,*,"","","Y","Identifier {[]} {[]}
","Identificadores externos para este recurso","Identificadores externos para este recurso","","","","","","","","","",,,,,"",,,,"Specimen.identifier",0,*,"","ele-1:All FHIR elements must have a @value or children {hasValue() or (children().count() > id.count())}
",".id","FiveWs.identifier","SPM-2"
"Specimen.accessionIdentifier","Specimen.accessionIdentifier","","","",0,1,"","","Y","Identifier {[]} {[]}
","Identificador atribuído pelo laboratório","Identificador atribuído pelo laboratório","","","","","","","","","",,,,,"",,,,"Specimen.accessionIdentifier",0,1,"","ele-1:All FHIR elements must have a @value or children {hasValue() or (children().count() > id.count())}
",".participation[typeCode=SBJ].act[classCode=ACSN, moodCode=EVN].id","FiveWs.identifier","SPM-30 (v2.7+)"
"Specimen.status","Specimen.status","","","",0,1,"","Y","Y","code {[]} {[]}
","Status da amostra: disponível | indisponível | insatisfatório | inserido com erro: códigos que fornecem o status/disponibilidade de uma amostra","Status da amostra: disponível | indisponível | insatisfatório | inserido com erro: códigos que fornecem o status/disponibilidade de uma amostra","This element is labeled as a modifier because the status contains codes that mark the resource as not currently valid.","","","","","","","","",,"required","Codes providing the status/availability of a specimen.","http://hl7.org/fhir/ValueSet/specimen-status|4.0.1","",,,,"Specimen.status",0,1,"","ele-1:All FHIR elements must have a @value or children {hasValue() or (children().count() > id.count())}
","status","FiveWs.status","SPM-20"
"Specimen.type","Specimen.type","","","",0,1,"","","Y","CodeableConcept {[]} {[]}
","Tipo de material que compõem a amostra","Tipo de material que compõem a amostra","The type can change the way that a specimen is handled and drives what kind of analyses can properly be performed on the specimen. It is frequently used in diagnostic work flow decision making systems.","","","","","","","","",,"required","","https://terminologia.saude.gov.br/fhir/ValueSet/BRTipoAmostra","",,,,"Specimen.type",0,1,"","ele-1:All FHIR elements must have a @value or children {hasValue() or (children().count() > id.count())}
",".code","FiveWs.what[x]","SPM-4 and possibly SPM-5"
"Specimen.subject","Specimen.subject","","","",0,1,"","","Y","Reference {[]} {[CanonicalType[https://br-core.saude.gov.br/fhir/StructureDefinition/br-core-patient], CanonicalType[http://hl7.org/fhir/StructureDefinition/Group], CanonicalType[http://hl7.org/fhir/StructureDefinition/Device], CanonicalType[http://hl7.org/fhir/StructureDefinition/Substance], CanonicalType[https://br-core.saude.gov.br/fhir/StructureDefinition/br-core-location]]}
","Referência de onde veio a amostra. Pode ser de paciente(s), de um local (por exemplo, a fonte de uma amostra ambiental) ou uma amostra de uma substância ou dispositivo","Referência de onde veio a amostra. Pode ser de paciente(s), de um local (por exemplo, a fonte de uma amostra ambiental) ou uma amostra de uma substância ou dispositivo","","Must know the subject context.","","","","","","","",,,,,"",,,,"Specimen.subject",0,1,"","ele-1:All FHIR elements must have a @value or children {hasValue() or (children().count() > id.count())}
",".scoper  or  .scoper.playsRole","FiveWs.subject[x]","FiveWs.subject"
"Specimen.subject.id","Specimen.subject.id","","","",0,1,"","","","string {[]} {[]}
","ID exclusivo para referência entre elementos","ID exclusivo para referência entre elementos","","","","","","","","","",,,,,"",,,,"Element.id",0,1,"","","n/a"
"Specimen.subject.extension","Specimen.subject.extension","","","",0,*,"","","","Extension {[]} {[]}
","Conteúdo adicional definido por implementações","Conteúdo adicional definido por implementações","","","","","","","","","",,,,,"","value:url}
","Extensions are always sliced by (at least) url",,"open","Element.extension",0,*,"","ele-1:All FHIR elements must have a @value or children {hasValue() or (children().count() > id.count())}
ext-1:Must have either extensions or value[x], not both {extension.exists() != value.exists()}"
"Specimen.subject.reference","Specimen.subject.reference","","","",0,1,"","","Y","string {[]} {[]}
","Referência literal, URL relativa, interna ou absoluta","Referência literal, URL relativa, interna ou absoluta","Using absolute URLs provides a stable scalable approach suitable for a cloud/web context, while using relative/logical references provides a flexible approach suitable for use when trading across closed eco-system boundaries.   Absolute URLs do not need to point to a FHIR RESTful server, though this is the preferred approach. If the URL conforms to the structure ""/[type]/[id]"" then it should be assumed that the reference is to a FHIR RESTful server.","","","","","","","","",,,,,"",,,,"Reference.reference",0,1,"ref-1
","ele-1:All FHIR elements must have a @value or children {hasValue() or (children().count() > id.count())}
","N/A"
"Specimen.subject.type","Specimen.subject.type","","","",0,1,"","","Y","uri {[]} {[]}
","Tipo ao qual a referência se refere (por exemplo, Paciente)","Tipo ao qual a referência se refere (por exemplo, Paciente)","This element is used to indicate the type of  the target of the reference. This may be used which ever of the other elements are populated (or not). In some cases, the type of the target may be determined by inspection of the reference (e.g. a RESTful URL) or by resolving the target of the reference; if both the type and a reference is provided, the reference SHALL resolve to a resource of the same type as that specified.","","","","","","","","",,"extensible","Aa resource (or, for logical models, the URI of the logical model).","http://hl7.org/fhir/ValueSet/resource-types|4.0.1","",,,,"Reference.type",0,1,"","ele-1:All FHIR elements must have a @value or children {hasValue() or (children().count() > id.count())}
","N/A"
"Specimen.subject.identifier","Specimen.subject.identifier","","","",0,1,"","","Y","Identifier {[]} {[]}
","Referência lógica, quando a referência literal não é conhecida","Referência lógica, quando a referência literal não é conhecida","When an identifier is provided in place of a reference, any system processing the reference will only be able to resolve the identifier to a reference if it understands the business context in which the identifier is used. Sometimes this is global (e.g. a national identifier) but often it is not. For this reason, none of the useful mechanisms described for working with references (e.g. chaining, includes) are possible, nor should servers be expected to be able resolve the reference. Servers may accept an identifier based reference untouched, resolve it, and/or reject it - see CapabilityStatement.rest.resource.referencePolicy. 

When both an identifier and a literal reference are provided, the literal reference is preferred. Applications processing the resource are allowed - but not required - to check that the identifier matches the literal reference

Applications converting a logical reference to a literal reference may choose to leave the logical reference present, or remove it.

Reference is intended to point to a structure that can potentially be expressed as a FHIR resource, though there is no need for it to exist as an actual FHIR resource instance - except in as much as an application wishes to actual find the target of the reference. The content referred to be the identifier must meet the logical constraints implied by any limitations on what resource types are permitted for the reference.  For example, it would not be legitimate to send the identifier for a drug prescription if the type were Reference(Observation|DiagnosticReport).  One of the use-cases for Reference.identifier is the situation where no FHIR representation exists (where the type is Reference (Any).","","","","","","","","",,,,,"",,,,"Reference.identifier",0,1,"","ele-1:All FHIR elements must have a @value or children {hasValue() or (children().count() > id.count())}
",".identifier"
"Specimen.subject.display","Specimen.subject.display","","","",0,1,"","","Y","string {[]} {[]}
","Texto alternativo para o recurso","Texto alternativo para o recurso","This is generally not the same as the Resource.text of the referenced resource.  The purpose is to identify what's being referenced, not to fully describe it.","","","","","","","","",,,,,"",,,,"Reference.display",0,1,"","ele-1:All FHIR elements must have a @value or children {hasValue() or (children().count() > id.count())}
","N/A"
"Specimen.receivedTime","Specimen.receivedTime","","","",0,1,"","","Y","dateTime {[]} {[]}
","Data/hora em que a amostra foi recebida para processamento","Data/hora em que a amostra foi recebida para processamento","","","","","","","","","",,,,,"",,,,"Specimen.receivedTime",0,1,"","ele-1:All FHIR elements must have a @value or children {hasValue() or (children().count() > id.count())}
",".participation[typeCode=SBJ].act[code=SPCREC, moodCode=EVN].effectiveTime","FiveWs.done[x]","SPM-18"
"Specimen.parent","Specimen.parent","","","",0,*,"","","","Reference {[]} {[CanonicalType[https://br-core.saude.gov.br/fhir/StructureDefinition/br-core-specimen]]}
","Referencia a origem da amostra","Referencia a origem da amostra","The parent specimen could be the source from which the current specimen is derived by some processing step (e.g. an aliquot or isolate or extracted nucleic acids from clinical samples) or one of many specimens that were combined to create a pooled sample.","","","","","","","","",,,,,"",,,,"Specimen.parent",0,*,"","ele-1:All FHIR elements must have a @value or children {hasValue() or (children().count() > id.count())}
",".scoper (if parent) .player.scopesRole[classCode=SPEC].player (if child)"
"Specimen.request","Specimen.request","","","",0,*,"","","","Reference {[]} {[CanonicalType[https://br-core.saude.gov.br/fhir/StructureDefinition/br-core-servicerequest]]}
","Referencia a requisição associada","Referencia a requisição associada","The request may be explicit or implied such with a ServiceRequest that requires a blood draw.","","","","","","","","",,,,,"",,,,"Specimen.request",0,*,"","ele-1:All FHIR elements must have a @value or children {hasValue() or (children().count() > id.count())}
","outboundRelationship[typeCode=FLFS].target","FiveWs.why[x]","ORC? OBR-2/3?"
"Specimen.collection","Specimen.collection","","","",0,1,"","","","BackboneElement {[]} {[]}
","Detalhes da coleta","Detalhes da coleta","","","","","","","","","",,,,,"",,,,"Specimen.collection",0,1,"","ele-1:All FHIR elements must have a @value or children {hasValue() or (children().count() > id.count())}
",".participation[typeCode=SBJ].act[classCode=SPECCOLLECT, moodCode=EVN]","SPM-14"
"Specimen.collection.id","Specimen.collection.id","","","",0,1,"","","","string {[]} {[]}
","ID exclusivo para referência entre elementos","ID exclusivo para referência entre elementos","","","","","","","","","",,,,,"",,,,"Element.id",0,1,"","","n/a"
"Specimen.collection.extension","Specimen.collection.extension","","","",0,*,"","","","Extension {[]} {[]}
","Conteúdo adicional definido por implementações","Conteúdo adicional definido por implementações","","","","","","","","","",,,,,"",,,,"Element.extension",0,*,"","ele-1:All FHIR elements must have a @value or children {hasValue() or (children().count() > id.count())}
ext-1:Must have either extensions or value[x], not both {extension.exists() != value.exists()}"
"Specimen.collection.modifierExtension","Specimen.collection.modifierExtension","","","",0,*,"","Y","Y","Extension {[]} {[]}
","Extensões que não podem ser ignoradas mesmo que não sejam reconhecidas","Extensões que não podem ser ignoradas mesmo que não sejam reconhecidas","","","","","","","","","",,,,,"",,,,"BackboneElement.modifierExtension",0,*,"","ele-1:All FHIR elements must have a @value or children {hasValue() or (children().count() > id.count())}
ext-1:Must have either extensions or value[x], not both {extension.exists() != value.exists()}"
"Specimen.collection.collector","Specimen.collection.collector","","","",0,1,"","","Y","Reference {[]} {[CanonicalType[https://br-core.saude.gov.br/fhir/StructureDefinition/br-core-practitioner], CanonicalType[https://br-core.saude.gov.br/fhir/StructureDefinition/br-core-practitionerrole]]}
","Referência ao profissional responsável pela coleta","Referência ao profissional responsável pela coleta","","","","","","","","","",,,,,"",,,,"Specimen.collection.collector",0,1,"","ele-1:All FHIR elements must have a @value or children {hasValue() or (children().count() > id.count())}
",".participation[typeCode=PFM].role","FiveWs.actor","PRT"
"Specimen.collection.collected[x]","Specimen.collection.collected[x]","","","",1,1,"","","Y","dateTime {[]} {[]}
Period {[]} {[]}","Data/Hora-Período da coleta","Data/Hora-Período da coleta","","","","","","","","","",,,,,"",,,,"Specimen.collection.collected[x]",0,1,"","ele-1:All FHIR elements must have a @value or children {hasValue() or (children().count() > id.count())}
",".effectiveTime","FiveWs.init","SPM-17"
"Specimen.collection.duration","Specimen.collection.duration","","","",0,1,"","","Y","Duration {[]} {[]}
","Duração da coleta","Duracao da coleta","","","","","","","","","",,,,,"",,,,"Specimen.collection.duration",0,1,"","ele-1:All FHIR elements must have a @value or children {hasValue() or (children().count() > id.count())}
","FiveWs.init"
"Specimen.collection.quantity","Specimen.collection.quantity","","","",1,1,"","","","Quantity {[CanonicalType[http://hl7.org/fhir/StructureDefinition/SimpleQuantity|4.0.1]]} {[]}
","Quantidade de amostra coletada","Quantidade de amostra coletada","","","","","","","","","",,,,,"",,,,"Specimen.collection.quantity",0,1,"","ele-1:All FHIR elements must have a @value or children {hasValue() or (children().count() > id.count())}
",".participation[typeCode=SBJ].role[classCode=SPEC].player.quantity","SPM-12"
"Specimen.collection.method","Specimen.collection.method","","","",1,1,"","","","CodeableConcept {[]} {[]}
","Método de coleta da amostra","Método de coleta da amostra","","","","","","","","","",,"example","","http://hl7.org/fhir/ValueSet/specimen-collection-method","",,,,"Specimen.collection.method",0,1,"","ele-1:All FHIR elements must have a @value or children {hasValue() or (children().count() > id.count())}
",".methodCode","SPM-7"
"Specimen.collection.bodySite","Specimen.collection.bodySite","","","",0,1,"","","","CodeableConcept {[]} {[]}
","Local anatômico de coleta da amostra","Local anatômico de coleta da amostra","If the use case requires  BodySite to be handled as a separate resource instead of an inline coded element (e.g. to identify and track separately)  then use the standard extension [bodySite](http://hl7.org/fhir/R4/extension-bodysite.html).","","","","","","","","",,"example","Codes describing anatomical locations. May include laterality.","http://hl7.org/fhir/ValueSet/body-site|4.0.1","",,,,"Specimen.collection.bodySite",0,1,"","ele-1:All FHIR elements must have a @value or children {hasValue() or (children().count() > id.count())}
",".targetSiteCode","SPM-8 and SPM-9"
"Specimen.collection.fastingStatus[x]","Specimen.collection.fastingStatus[x]","","","",0,1,"","","Y","CodeableConcept {[]} {[]}
Duration {[]} {[]}","Tempo de jejum do paciente, se for o caso","Tempo de jejum do paciente, se for o caso","Representing fasting status using this element is preferred to representing it with an observation using a 'pre-coordinated code'  such as  LOINC 2005-7 (Calcium [Moles/​time] in 2 hour Urine --12 hours fasting), or  using  a component observation ` such as `Observation.component code`  = LOINC 49541-6 (Fasting status - Reported).","Many diagnostic tests require fasting  to facilitate accurate interpretation.","","","","","","","",,"extensible","Codes describing the fasting status of the patient.","http://terminology.hl7.org/ValueSet/v2-0916","",,,,"Specimen.collection.fastingStatus[x]",0,1,"","ele-1:All FHIR elements must have a @value or children {hasValue() or (children().count() > id.count())}
","OBR-"
"Specimen.processing","Specimen.processing","","","",0,*,"","","","BackboneElement {[]} {[]}
","Detalhes da etapa de processamento da amostra e respectivos passos","Detalhes da etapa de processamento da amostra e respectivos passos","","","","","","","","","",,,,,"",,,,"Specimen.processing",0,*,"","ele-1:All FHIR elements must have a @value or children {hasValue() or (children().count() > id.count())}
",".participation[typeCode=SBJ].act[code=SPCTRT, moodCode=EVN]"
"Specimen.processing.id","Specimen.processing.id","","","",0,1,"","","","string {[]} {[]}
","ID exclusivo para referência entre elementos","ID exclusivo para referência entre elementos","","","","","","","","","",,,,,"",,,,"Element.id",0,1,"","","n/a"
"Specimen.processing.extension","Specimen.processing.extension","","","",0,*,"","","","Extension {[]} {[]}
","Conteúdo adicional definido por implementações","Conteúdo adicional definido por implementações","","","","","","","","","",,,,,"",,,,"Element.extension",0,*,"","ele-1:All FHIR elements must have a @value or children {hasValue() or (children().count() > id.count())}
ext-1:Must have either extensions or value[x], not both {extension.exists() != value.exists()}"
"Specimen.processing.modifierExtension","Specimen.processing.modifierExtension","","","",0,*,"","Y","Y","Extension {[]} {[]}
","Extensões que não podem ser ignoradas mesmo que não sejam reconhecidas","Extensões que não podem ser ignoradas mesmo que não sejam reconhecidas","","","","","","","","","",,,,,"",,,,"BackboneElement.modifierExtension",0,*,"","ele-1:All FHIR elements must have a @value or children {hasValue() or (children().count() > id.count())}
ext-1:Must have either extensions or value[x], not both {extension.exists() != value.exists()}"
"Specimen.processing.description","Specimen.processing.description","","","",0,1,"","","","string {[]} {[]}
","Texto que descreve o procedimento","Texto que descreve o procedimento","","","","","","","","","",,,,,"",,,,"Specimen.processing.description",0,1,"","ele-1:All FHIR elements must have a @value or children {hasValue() or (children().count() > id.count())}
",".text"
"Specimen.processing.procedure","Specimen.processing.procedure","","","",0,1,"","","","CodeableConcept {[]} {[]}
","Indica a etapa de tratamento aplicada a amostra","Indica a etapa de tratamento aplicada a amostra","","","","","","","","","",,"example","Type indicating the technique used to process the specimen.","http://hl7.org/fhir/ValueSet/specimen-processing-procedure|4.0.1","",,,,"Specimen.processing.procedure",0,1,"","ele-1:All FHIR elements must have a @value or children {hasValue() or (children().count() > id.count())}
",".code"
"Specimen.processing.additive","Specimen.processing.additive","","","",0,*,"","","","Reference {[]} {[CanonicalType[http://hl7.org/fhir/StructureDefinition/Substance|4.0.1]]}
","Referência ao material utilizado na etapa de processamento da amostra","Referência ao material utilizado na etapa de processamento da amostra","","","","","","","","","",,,,,"",,,,"Specimen.processing.additive",0,*,"","ele-1:All FHIR elements must have a @value or children {hasValue() or (children().count() > id.count())}
",".participation[typeCode=CSM].role[classCode=ADTV].code","SPM-6"
"Specimen.processing.time[x]","Specimen.processing.time[x]","","","",0,1,"","","","dateTime {[]} {[]}
Period {[]} {[]}","Data e hora do processamento da amostra","Data e hora do processamento da amostra","","","","","","","","","",,,,,"",,,,"Specimen.processing.time[x]",0,1,"","ele-1:All FHIR elements must have a @value or children {hasValue() or (children().count() > id.count())}
",".effectiveTime"
"Specimen.container","Specimen.container","","","",0,*,"","","","BackboneElement {[]} {[]}
","Recipiente que contém a amostra (tubo/lâmina, etc.)","Recipiente que contém a amostra (tubo/lâmina, etc.)","","","","","","","","","",,,,,"",,,,"Specimen.container",0,*,"","ele-1:All FHIR elements must have a @value or children {hasValue() or (children().count() > id.count())}
",".player.scopingRole[classCode=CONT].scoper"
"Specimen.container.id","Specimen.container.id","","","",0,1,"","","","string {[]} {[]}
","ID exclusivo para referência entre elementos","ID exclusivo para referência entre elementos","","","","","","","","","",,,,,"",,,,"Element.id",0,1,"","","n/a"
"Specimen.container.extension","Specimen.container.extension","","","",0,*,"","","","Extension {[]} {[]}
","Conteúdo adicional definido por implementações","Conteúdo adicional definido por implementações","","","","","","","","","",,,,,"",,,,"Element.extension",0,*,"","ele-1:All FHIR elements must have a @value or children {hasValue() or (children().count() > id.count())}
ext-1:Must have either extensions or value[x], not both {extension.exists() != value.exists()}"
"Specimen.container.modifierExtension","Specimen.container.modifierExtension","","","",0,*,"","Y","Y","Extension {[]} {[]}
","Extensões que não podem ser ignoradas mesmo que não sejam reconhecidas","Extensões que não podem ser ignoradas mesmo que não sejam reconhecidas","","","","","","","","","",,,,,"",,,,"BackboneElement.modifierExtension",0,*,"","ele-1:All FHIR elements must have a @value or children {hasValue() or (children().count() > id.count())}
ext-1:Must have either extensions or value[x], not both {extension.exists() != value.exists()}"
"Specimen.container.identifier","Specimen.container.identifier","","","",0,*,"","","Y","Identifier {[]} {[]}
","Id do recipiente","Id do recipiente que contém a amostra","","","","","","","","","",,,,,"",,,,"Specimen.container.identifier",0,*,"","ele-1:All FHIR elements must have a @value or children {hasValue() or (children().count() > id.count())}
",".id","SAC-3"
"Specimen.container.description","Specimen.container.description","","","",0,1,"","","","string {[]} {[]}
","Descrição do recipiente","Descrição do recipiente que contém a amostra","","","","","","","","","",,,,,"",,,,"Specimen.container.description",0,1,"","ele-1:All FHIR elements must have a @value or children {hasValue() or (children().count() > id.count())}
",".desc"
"Specimen.container.type","Specimen.container.type","","","",0,1,"","","","CodeableConcept {[]} {[]}
","Tipo de recipiente associado a amostra","Tipo de recipiente associado a amostra","","","","","","","","","",,"example","Type of specimen container.","http://hl7.org/fhir/ValueSet/specimen-container-type|4.0.1","",,,,"Specimen.container.type",0,1,"","ele-1:All FHIR elements must have a @value or children {hasValue() or (children().count() > id.count())}
",".code","SPM-27"
"Specimen.container.capacity","Specimen.container.capacity","","","",0,1,"","","","Quantity {[CanonicalType[http://hl7.org/fhir/StructureDefinition/SimpleQuantity|4.0.1]]} {[]}
","Volume ou tamanho do recipiente","Volume ou tamanho do recipiente","","","","","","","","","",,,,,"",,,,"Specimen.container.capacity",0,1,"","ele-1:All FHIR elements must have a @value or children {hasValue() or (children().count() > id.count())}
",".quantity","one of: SAC 16, SAC17 and SAC 20, or SAC 21 and SAC 20"
"Specimen.container.specimenQuantity","Specimen.container.specimenQuantity","","","",0,1,"","","","Quantity {[CanonicalType[http://hl7.org/fhir/StructureDefinition/SimpleQuantity|4.0.1]]} {[]}
","Quantidade de amostra no recipiente","Quantidade de amostra no recipiente","","","","","","","","","",,,,,"",,,,"Specimen.container.specimenQuantity",0,1,"","ele-1:All FHIR elements must have a @value or children {hasValue() or (children().count() > id.count())}
",".playedRole[classCode=CONT].quantity","SAC-23 (value) SAC-24 (units"
"Specimen.container.additive[x]","Specimen.container.additive[x]","","","",0,1,"","","","CodeableConcept {[]} {[]}
Reference {[]} {[CanonicalType[http://hl7.org/fhir/StructureDefinition/Substance|4.0.1]]}","Aditivo associado ao recipiente","Aditivo associado ao recipiente","","","","","","","","","",,"example","Substance added to specimen container.","http://terminology.hl7.org/ValueSet/v2-0371","",,,,"Specimen.container.additive[x]",0,1,"","ele-1:All FHIR elements must have a @value or children {hasValue() or (children().count() > id.count())}
",".scopesRole[classCode=ADTV].player","SAC-27"
"Specimen.condition","Specimen.condition","","","",0,*,"","","Y","CodeableConcept {[]} {[]}
","Condições da amostra","Condições da amostra","Specimen condition is an observation made about the specimen.  It's a point-in-time assessment.  It can be used to assess its quality or appropriateness for a specific test.","The specimen condition can be used to assess its quality or appropriateness for a specific test.","","","","","","","",,"extensible","","http://terminology.hl7.org/ValueSet/v2-0493","",,,,"Specimen.condition",0,*,"","ele-1:All FHIR elements must have a @value or children {hasValue() or (children().count() > id.count())}
","SPM-24"
"Specimen.note","Specimen.note","","","",0,*,"","","","Annotation {[]} {[]}
","Comentários","Comentários","","","","","","","","","",,,,,"",,,,"Specimen.note",0,*,"","ele-1:All FHIR elements must have a @value or children {hasValue() or (children().count() > id.count())}
",".inboundRelationship[typeCode=SUBJ].source[classCode=OBS, moodCode=EVN, code=""annotation""].value","OBX"
