"Id","Path","Slice Name","Alias(s)","Label","Min","Max","Must Support?","Is Modifier?","Is Summary?","Type(s)","Short","Definition","Comments","Requirements","Default Value","Meaning When Missing","Fixed Value","Pattern","Example","Minimum Value","Maximum Value","Maximum Length","Binding Strength","Binding Description","Binding Value Set","Code","Slicing Discriminator","Slicing Description","Slicing Ordered","Slicing Rules","Base Path","Base Min","Base Max","Condition(s)","Constraint(s)","Mapping: FiveWs Pattern Mapping","Mapping: HL7 v2 Mapping","Mapping: RIM Mapping"
"CareTeam","CareTeam","","","",0,*,"","","","null {[]} {[]}
","Planned participants in the coordination and delivery of care for a patient or group","The Care Team includes all the people and organizations who plan to participate in the coordination and delivery of care for a patient.","","","","","","","","","",,,,,"",,,,"CareTeam",0,*,"","dom-2:If the resource is contained in another resource, it SHALL NOT contain nested Resources {contained.contained.empty()}
dom-3:If the resource is contained in another resource, it SHALL be referred to from elsewhere in the resource or SHALL refer to the containing resource {contained.where((('#'+id in (%resource.descendants().reference | %resource.descendants().as(canonical) | %resource.descendants().as(uri) | %resource.descendants().as(url))) or descendants().where(reference = '#').exists() or descendants().where(as(canonical) = '#').exists() or descendants().where(as(canonical) = '#').exists()).not()).trace('unmatched', id).empty()}dom-4:If a resource is contained in another resource, it SHALL NOT have a meta.versionId or a meta.lastUpdated {contained.meta.versionId.empty() and contained.meta.lastUpdated.empty()}dom-5:If a resource is contained in another resource, it SHALL NOT have a security label {contained.meta.security.empty()}dom-6:A resource should have narrative for robust management {text.`div`.exists()}","Entity. Role, or Act"
"CareTeam.id","CareTeam.id","","","",0,1,"","","Y","id {[]} {[]}
","Identificador lógico deste artefato","Identificador lógico deste artefato","The only time that a resource does not have an id is when it is being submitted to the server using a create operation.","","","","","","","","",,,,,"",,,,"Resource.id",0,1,"",""
"CareTeam.meta","CareTeam.meta","","","",0,1,"","","Y","Meta {[]} {[]}
","Metadados sobre o recurso","Metadados sobre o recurso","","","","","","","","","",,,,,"",,,,"Resource.meta",0,1,"","ele-1:All FHIR elements must have a @value or children {hasValue() or (children().count() > id.count())}
"
"CareTeam.implicitRules","CareTeam.implicitRules","","","",0,1,"","Y","Y","uri {[]} {[]}
","Um conjunto de regras sob as quais este conteúdo foi criado","Um conjunto de regras sob as quais este conteúdo foi criado","Asserting this rule set restricts the content to be only understood by a limited set of trading partners. This inherently limits the usefulness of the data in the long term. However, the existing health eco-system is highly fractured, and not yet ready to define, collect, and exchange data in a generally computable sense. Wherever possible, implementers and/or specification writers should avoid using this element. Often, when used, the URL is a reference to an implementation guide that defines these special rules as part of it's narrative along with other profiles, value sets, etc.","","","","","","","","",,,,,"",,,,"Resource.implicitRules",0,1,"","ele-1:All FHIR elements must have a @value or children {hasValue() or (children().count() > id.count())}
"
"CareTeam.language","CareTeam.language","","","",0,1,"","","","code {[]} {[]}
","Idioma do recurso","Idioma do recurso","Language is provided to support indexing and accessibility (typically, services such as text to speech use the language tag). The html language tag in the narrative applies  to the narrative. The language tag on the resource may be used to specify the language of other presentations generated from the data in the resource. Not all the content has to be in the base language. The Resource.language should not be assumed to apply to the narrative automatically. If a language is specified, it should it also be specified on the div element in the html (see rules in HTML5 for information about the relationship between xml:lang and the html lang attribute).","","","","","","","","",,"preferred","A human language.","http://hl7.org/fhir/ValueSet/languages|4.0.1","",,,,"Resource.language",0,1,"","ele-1:All FHIR elements must have a @value or children {hasValue() or (children().count() > id.count())}
"
"CareTeam.text","CareTeam.text","","narrative
htmlxhtmldisplay","",0,1,"","","","Narrative {[]} {[]}
","Resumo do texto do recurso em linguagem natural","Resumo do texto do recurso em linguagem natural","Contained resources do not have narrative. Resources that are not contained SHOULD have a narrative. In some cases, a resource may only have text with little or no additional discrete data (as long as all minOccurs=1 elements are satisfied).  This may be necessary for data from legacy systems where information is captured as a ""text blob"" or where text is additionally entered raw or narrated and encoded information is added later.","","","","","","","","",,,,,"",,,,"DomainResource.text",0,1,"","ele-1:All FHIR elements must have a @value or children {hasValue() or (children().count() > id.count())}
","Act.text?"
"CareTeam.contained","CareTeam.contained","","inline resources
anonymous resourcescontained resources","",0,*,"","","","Resource {[]} {[]}
","Recursos contidos no recurso","Recursos contidos no recurso","This should never be done when the content can be identified properly, as once identification is lost, it is extremely difficult (and context dependent) to restore it again. Contained resources may have profiles and tags In their meta elements, but SHALL NOT have security labels.","","","","","","","","",,,,,"",,,,"DomainResource.contained",0,*,"","","N/A"
"CareTeam.extension","CareTeam.extension","","","",0,*,"","","","Extension {[]} {[]}
","Extensões adicionais que não fazem parte do modelo base","Extensões adicionais que não fazem parte do modelo base","","","","","","","","","",,,,,"",,,,"DomainResource.extension",0,*,"","ele-1:All FHIR elements must have a @value or children {hasValue() or (children().count() > id.count())}
ext-1:Must have either extensions or value[x], not both {extension.exists() != value.exists()}"
"CareTeam.modifierExtension","CareTeam.modifierExtension","","","",0,*,"","Y","","Extension {[]} {[]}
","Extensões adicionais que não podem ser ignoradas, mesmo que não reconhecidas","Extensões adicionais que não podem ser ignoradas, mesmo que não reconhecidas","","","","","","","","","",,,,,"",,,,"DomainResource.modifierExtension",0,*,"","ele-1:All FHIR elements must have a @value or children {hasValue() or (children().count() > id.count())}
ext-1:Must have either extensions or value[x], not both {extension.exists() != value.exists()}"
"CareTeam.identifier","CareTeam.identifier","","","",0,*,"","","Y","Identifier {[]} {[]}
","Identificadores externos para este recurso","Identificadores externos para este recurso","This is a business identifier, not a resource identifier (see [discussion](http://hl7.org/fhir/R4/resource.html#identifiers)).  It is best practice for the identifier to only appear on a single resource instance, however business practices may occasionally dictate that multiple resource instances with the same identifier can exist - possibly even with different resource types.  For example, multiple Patient and a Person resource instance might share the same social insurance number.","Allows identification of the care team as it is known by various participating systems and in a way that remains consistent across servers.","","","","","","","",,,,,"",,,,"CareTeam.identifier",0,*,"","ele-1:All FHIR elements must have a @value or children {hasValue() or (children().count() > id.count())}
","FiveWs.identifier"
"CareTeam.status","CareTeam.status","","","",0,1,"","Y","Y","code {[]} {[]}
","proposed | active | suspended | inactive | entered-in-error","proposed | active | suspended | inactive | entered-in-error","This element is labeled as a modifier because the status contains the code entered-in-error that marks the care team as not currently valid.","","","","","","","","",,"required","Indicates the status of the care team.","http://hl7.org/fhir/ValueSet/care-team-status|4.0.1","",,,,"CareTeam.status",0,1,"","ele-1:All FHIR elements must have a @value or children {hasValue() or (children().count() > id.count())}
","FiveWs.status"
"CareTeam.category","CareTeam.category","","","",0,*,"","","Y","CodeableConcept {[]} {[]}
","Tipo da equipe assistêncial","Tipo da equipe assistêncial","There may be multiple axis of categorization and one team may serve multiple purposes.","Used for filtering what teams(s) are retrieved and displayed to different types of users.","","","","","","","",,"required","","https://terminologia.saude.gov.br/fhir/ValueSet/BRModalidadeAssistencial","",,,,"CareTeam.category",0,*,"","ele-1:All FHIR elements must have a @value or children {hasValue() or (children().count() > id.count())}
","FiveWs.class"
"CareTeam.name","CareTeam.name","","","",0,1,"","","Y","string {[]} {[]}
","Nome da equipe assistêncial","Nome da equipe assistêncial","The meaning/purpose of the team is conveyed in CareTeam.category.  This element may also convey semantics of the team (e.g. ""Red trauma team""), but its primary purpose is to distinguish between identical teams in a human-friendly way.  (""Team 18735"" isn't as friendly.).","","","","","","","","",,,,,"",,,,"CareTeam.name",0,1,"","ele-1:All FHIR elements must have a @value or children {hasValue() or (children().count() > id.count())}
"
"CareTeam.subject","CareTeam.subject","","patient
","",0,1,"","","Y","Reference {[]} {[CanonicalType[https://br-core.saude.gov.br/fhir/StructureDefinition/br-core-patient]]}
","Paciente referenciado pela equipe assistêncial","Paciente referenciado pela equipe assistêncial","","Allows the team to care for a group (e.g. marriage) therapy. 
Allows for an organization to designate a team such as the PICC line team.","","","","","","","",,,,,"",,,,"CareTeam.subject",0,1,"","ele-1:All FHIR elements must have a @value or children {hasValue() or (children().count() > id.count())}
","FiveWs.subject[x]","FiveWs.subject"
"CareTeam.encounter","CareTeam.encounter","","","",0,1,"","","Y","Reference {[]} {[CanonicalType[https://br-core.saude.gov.br/fhir/StructureDefinition/br-core-encounter]]}
","Referência ao atendimento","Referência ao atendimento","This will typically be the encounter the event occurred within, but some activities may be initiated prior to or after the official completion of an encounter but still be tied to the context of the encounter.","","","","","","","","",,,,,"",,,,"CareTeam.encounter",0,1,"","ele-1:All FHIR elements must have a @value or children {hasValue() or (children().count() > id.count())}
","FiveWs.context"
"CareTeam.period","CareTeam.period","","","",0,1,"","","Y","Period {[]} {[]}
","Período de atendimento pela a equipe assistêncial","Período de atendimento pela a equipe assistêncial","","Allows tracking what team(s) are in effect at a particular time.","","","","","","","",,,,,"",,,,"CareTeam.period",0,1,"","ele-1:All FHIR elements must have a @value or children {hasValue() or (children().count() > id.count())}
","FiveWs.init"
"CareTeam.participant","CareTeam.participant","","","",0,*,"","","","BackboneElement {[]} {[]}
","Lista de participantes envolvidos no atendimento","Lista de participantes envolvidos no atendimento","","","","","","","","","",,,,,"",,,,"CareTeam.participant",0,*,"ctm-1
","ctm-1:CareTeam.participant.onBehalfOf can only be populated when CareTeam.participant.member is a Practitioner {onBehalfOf.exists() implies (member.resolve().iif(empty(), true, ofType(Practitioner).exists()))}
ele-1:All FHIR elements must have a @value or children {hasValue() or (children().count() > id.count())}","REL (REL.4 is always the Patient) ( or PRT?)",".participation[typeCode=PRF]"
"CareTeam.participant.id","CareTeam.participant.id","","","",0,1,"","","","string {[]} {[]}
","Identificador único para referência cruzada","Identificador único para referência cruzada","","","","","","","","","",,,,,"",,,,"Element.id",0,1,"","","n/a"
"CareTeam.participant.extension","CareTeam.participant.extension","","","",0,*,"","","","Extension {[]} {[]}
","Extension","Extensões adicionais que não fazem parte do modelo de dados básico","","","","","","","","","",,,,,"",,,,"Element.extension",0,*,"","ele-1:All FHIR elements must have a @value or children {hasValue() or (children().count() > id.count())}
ext-1:Must have either extensions or value[x], not both {extension.exists() != value.exists()}"
"CareTeam.participant.modifierExtension","CareTeam.participant.modifierExtension","","","",0,*,"","Y","Y","Extension {[]} {[]}
","Extensões adicionais que não podem ser ignoradas, mesmo que não reconhecidas","Extensões adicionais que não podem ser ignoradas, mesmo que não reconhecidas","","","","","","","","","",,,,,"",,,,"BackboneElement.modifierExtension",0,*,"","ele-1:All FHIR elements must have a @value or children {hasValue() or (children().count() > id.count())}
ext-1:Must have either extensions or value[x], not both {extension.exists() != value.exists()}"
"CareTeam.participant.role","CareTeam.participant.role","","","",0,*,"","","Y","CodeableConcept {[]} {[]}
","Função do participante na equipe assistêncial","Função do participante na equipe assistêncial","Roles may sometimes be inferred by type of Practitioner.  These are relationships that hold only within the context of the care team.  General relationships should be handled as properties of the Patient resource directly.","","","","","","","","",,"example","","https://terminologia.saude.gov.br/fhir/ValueSet/BROcupacao","",,,,"CareTeam.participant.role",0,*,"","ele-1:All FHIR elements must have a @value or children {hasValue() or (children().count() > id.count())}
","REL.2 (or PRT-4?)",".functionCode"
"CareTeam.participant.member","CareTeam.participant.member","","","",0,1,"","","Y","Reference {[]} {[CanonicalType[https://br-core.saude.gov.br/fhir/StructureDefinition/br-core-practitioner], CanonicalType[https://br-core.saude.gov.br/fhir/StructureDefinition/br-core-practitionerrole], CanonicalType[https://br-core.saude.gov.br/fhir/StructureDefinition/br-core-relatedperson], CanonicalType[https://br-core.saude.gov.br/fhir/StructureDefinition/br-core-patient], CanonicalType[https://br-core.saude.gov.br/fhir/StructureDefinition/br-core-organization], CanonicalType[https://br-core.saude.gov.br/fhir/StructureDefinition/br-core-careteam]]}
","Referência ao partipante","Referência ao partipante","Patient only needs to be listed if they have a role other than ""subject of care"".

Member is optional because some participants may be known only by their role, particularly in draft plans.","","","","","","","","",,,,,"",,,,"CareTeam.participant.member",0,1,"","ele-1:All FHIR elements must have a @value or children {hasValue() or (children().count() > id.count())}
","FiveWs.actor","REL.5 (or PRT-5 : ( PRV-4 {provider participations} ) / PRT-5 : ( PRV-4  {non-provider person participations} ) / PRT-5 : ( PRV-4 = (patient non-subject of care) ) / PRT-8?)",".role"
"CareTeam.participant.onBehalfOf","CareTeam.participant.onBehalfOf","","","",0,1,"","","Y","Reference {[]} {[CanonicalType[https://br-core.saude.gov.br/fhir/StructureDefinition/br-core-organization]]}
","Organização do participante","Organização do participante","","Practitioners can be associated with multiple organizations.  This element indicates which organization they were acting on behalf of.","","","","","","","",,,,,"",,,,"CareTeam.participant.onBehalfOf",0,1,"","ele-1:All FHIR elements must have a @value or children {hasValue() or (children().count() > id.count())}
"
"CareTeam.participant.period","CareTeam.participant.period","","","",0,1,"","","","Period {[]} {[]}
","Período de tempo do participante atua no time assistêncial","Período de tempo do participante atua no time assistêncial","","","","","","","","","",,,,,"",,,,"CareTeam.participant.period",0,1,"","ele-1:All FHIR elements must have a @value or children {hasValue() or (children().count() > id.count())}
"
"CareTeam.reasonCode","CareTeam.reasonCode","","","",0,*,"","","","CodeableConcept {[]} {[]}
","Motivo pelo qual a equipe assistência foi criada","Motivo pelo qual a equipe assistência foi criada","","","","","","","","","",,"example","Indicates the reason for the care team.","http://hl7.org/fhir/ValueSet/clinical-findings|4.0.1","",,,,"CareTeam.reasonCode",0,*,"","ele-1:All FHIR elements must have a @value or children {hasValue() or (children().count() > id.count())}
","FiveWs.why[x]"
"CareTeam.reasonReference","CareTeam.reasonReference","","","",0,*,"","","","Reference {[]} {[CanonicalType[https://br-core.saude.gov.br/fhir/StructureDefinition/br-core-condition]]}
","Referência aos diagnóstico que esta equipe assistencial cobre","Referência aos diagnóstico que esta equipe assistencial cobre","","","","","","","","","",,,,,"",,,,"CareTeam.reasonReference",0,*,"","ele-1:All FHIR elements must have a @value or children {hasValue() or (children().count() > id.count())}
","FiveWs.why[x]"
"CareTeam.managingOrganization","CareTeam.managingOrganization","","","",0,*,"","","Y","Reference {[]} {[CanonicalType[https://br-core.saude.gov.br/fhir/StructureDefinition/br-core-organization]]}
","Organização da equipe assistêncial","Organização da equipe assistêncial","","Allows for multiple organizations to collaboratively manage cross-organizational, longitudinal care plan.","","","","","","","",,,,,"",,,,"CareTeam.managingOrganization",0,*,"","ele-1:All FHIR elements must have a @value or children {hasValue() or (children().count() > id.count())}
"
"CareTeam.telecom","CareTeam.telecom","","","",0,*,"","","","ContactPoint {[]} {[]}
","Contato da equipe assistencial","Contato da equipe assistencial","The ContactPoint.use code of home is not appropriate to use. These contacts are not the contact details of individual care team members.","","","","","","","","",,,,,"",,,,"CareTeam.telecom",0,*,"","ele-1:All FHIR elements must have a @value or children {hasValue() or (children().count() > id.count())}
"
"CareTeam.note","CareTeam.note","","","",0,*,"","","","Annotation {[]} {[]}
","Comentários adicionais sobre a equipe assistencial","Comentários adicionais sobre a equipe assistencial","","","","","","","","","",,,,,"",,,,"CareTeam.note",0,*,"","ele-1:All FHIR elements must have a @value or children {hasValue() or (children().count() > id.count())}
"
