"Id","Path","Slice Name","Alias(s)","Label","Min","Max","Must Support?","Is Modifier?","Is Summary?","Type(s)","Short","Definition","Comments","Requirements","Default Value","Meaning When Missing","Fixed Value","Pattern","Example","Minimum Value","Maximum Value","Maximum Length","Binding Strength","Binding Description","Binding Value Set","Code","Slicing Discriminator","Slicing Description","Slicing Ordered","Slicing Rules","Base Path","Base Min","Base Max","Condition(s)","Constraint(s)","Mapping: Workflow Pattern","Mapping: RIM Mapping","Mapping: FiveWs Pattern Mapping","Mapping: HL7 v2 Mapping"
"MedicationStatement","MedicationStatement","","","",0,*,"","","","null {[]} {[]}
","Record of medication being taken by a patient","A record of a medication that is being consumed by a patient.   A MedicationStatement may indicate that the patient may be taking the medication now or has taken the medication in the past or will be taking the medication in the future.  The source of this information can be the patient, significant other (such as a family member or spouse), or a clinician.  A common scenario where this information is captured is during the history taking process during a patient visit or stay.   The medication information may come from sources such as the patient's memory, from a prescription bottle,  or from a list of medications the patient, clinician or other party maintains. 

The primary difference between a medication statement and a medication administration is that the medication administration has complete administration information and is based on actual administration information from the person who administered the medication.  A medication statement is often, if not always, less specific.  There is no required date/time when the medication was administered, in fact we only know that a source has reported the patient is taking this medication, where details such as time, quantity, or rate or even medication product may be incomplete or missing or less precise.  As stated earlier, the medication statement information may come from the patient's memory, from a prescription bottle or from a list of medications the patient, clinician or other party maintains.  Medication administration is more formal and is not missing detailed information.","When interpreting a medicationStatement, the value of the status and NotTaken needed to be considered:MedicationStatement.status + MedicationStatement.wasNotTakenStatus=Active + NotTaken=T = Not currently takingStatus=Completed + NotTaken=T = Not taken in the pastStatus=Intended + NotTaken=T = No intention of takingStatus=Active + NotTaken=F = Taking, but not as prescribedStatus=Active + NotTaken=F = TakingStatus=Intended +NotTaken= F = Will be taking (not started)Status=Completed + NotTaken=F = Taken in pastStatus=In Error + NotTaken=N/A = In Error.","","","","","","","","",,,,,"",,,,"MedicationStatement",0,*,"","dom-2:If the resource is contained in another resource, it SHALL NOT contain nested Resources {contained.contained.empty()}
dom-3:If the resource is contained in another resource, it SHALL be referred to from elsewhere in the resource or SHALL refer to the containing resource {contained.where((('#'+id in (%resource.descendants().reference | %resource.descendants().as(canonical) | %resource.descendants().as(uri) | %resource.descendants().as(url))) or descendants().where(reference = '#').exists() or descendants().where(as(canonical) = '#').exists() or descendants().where(as(canonical) = '#').exists()).not()).trace('unmatched', id).empty()}dom-4:If a resource is contained in another resource, it SHALL NOT have a meta.versionId or a meta.lastUpdated {contained.meta.versionId.empty() and contained.meta.lastUpdated.empty()}dom-5:If a resource is contained in another resource, it SHALL NOT have a security label {contained.meta.security.empty()}dom-6:A resource should have narrative for robust management {text.`div`.exists()}","Event","Entity. Role, or Act","SubstanceAdministration"
"MedicationStatement.id","MedicationStatement.id","","","",0,1,"","","Y","id {[]} {[]}
","Identificador lógico deste artefato","Identificador lógico deste artefato","The only time that a resource does not have an id is when it is being submitted to the server using a create operation.","","","","","","","","",,,,,"",,,,"Resource.id",0,1,"",""
"MedicationStatement.meta","MedicationStatement.meta","","","",0,1,"","","Y","Meta {[]} {[]}
","Metadados sobre o recurso","Metadados sobre o recurso","","","","","","","","","",,,,,"",,,,"Resource.meta",0,1,"","ele-1:All FHIR elements must have a @value or children {hasValue() or (children().count() > id.count())}
"
"MedicationStatement.implicitRules","MedicationStatement.implicitRules","","","",0,1,"","Y","Y","uri {[]} {[]}
","Um conjunto de regras sob as quais este conteúdo foi criado","Um conjunto de regras sob as quais este conteúdo foi criado","Asserting this rule set restricts the content to be only understood by a limited set of trading partners. This inherently limits the usefulness of the data in the long term. However, the existing health eco-system is highly fractured, and not yet ready to define, collect, and exchange data in a generally computable sense. Wherever possible, implementers and/or specification writers should avoid using this element. Often, when used, the URL is a reference to an implementation guide that defines these special rules as part of it's narrative along with other profiles, value sets, etc.","","","","","","","","",,,,,"",,,,"Resource.implicitRules",0,1,"","ele-1:All FHIR elements must have a @value or children {hasValue() or (children().count() > id.count())}
"
"MedicationStatement.language","MedicationStatement.language","","","",0,1,"","","","code {[]} {[]}
","Idioma do recurso","Idioma do recurso","Language is provided to support indexing and accessibility (typically, services such as text to speech use the language tag). The html language tag in the narrative applies  to the narrative. The language tag on the resource may be used to specify the language of other presentations generated from the data in the resource. Not all the content has to be in the base language. The Resource.language should not be assumed to apply to the narrative automatically. If a language is specified, it should it also be specified on the div element in the html (see rules in HTML5 for information about the relationship between xml:lang and the html lang attribute).","","","","","","","","",,"preferred","A human language.","http://hl7.org/fhir/ValueSet/languages|4.0.1","",,,,"Resource.language",0,1,"","ele-1:All FHIR elements must have a @value or children {hasValue() or (children().count() > id.count())}
"
"MedicationStatement.text","MedicationStatement.text","","narrative
htmlxhtmldisplay","",0,1,"","","","Narrative {[]} {[]}
","Resumo do texto do recurso em linguagem natural","Resumo do texto do recurso em linguagem natural","Contained resources do not have narrative. Resources that are not contained SHOULD have a narrative. In some cases, a resource may only have text with little or no additional discrete data (as long as all minOccurs=1 elements are satisfied).  This may be necessary for data from legacy systems where information is captured as a ""text blob"" or where text is additionally entered raw or narrated and encoded information is added later.","","","","","","","","",,,,,"",,,,"DomainResource.text",0,1,"","ele-1:All FHIR elements must have a @value or children {hasValue() or (children().count() > id.count())}
","Act.text?"
"MedicationStatement.contained","MedicationStatement.contained","","inline resources
anonymous resourcescontained resources","",0,*,"","","","Resource {[]} {[]}
","Recursos contidos no recurso","Recursos contidos no recurso","This should never be done when the content can be identified properly, as once identification is lost, it is extremely difficult (and context dependent) to restore it again. Contained resources may have profiles and tags In their meta elements, but SHALL NOT have security labels.","","","","","","","","",,,,,"",,,,"DomainResource.contained",0,*,"","","N/A"
"MedicationStatement.extension","MedicationStatement.extension","","","",0,*,"","","","Extension {[]} {[]}
","Extensões adicionais que não fazem parte do modelo base","Extensões adicionais que não fazem parte do modelo base","","","","","","","","","",,,,,"",,,,"DomainResource.extension",0,*,"","ele-1:All FHIR elements must have a @value or children {hasValue() or (children().count() > id.count())}
ext-1:Must have either extensions or value[x], not both {extension.exists() != value.exists()}"
"MedicationStatement.modifierExtension","MedicationStatement.modifierExtension","","","",0,*,"","Y","","Extension {[]} {[]}
","Extensões adicionais que não podem ser ignoradas, mesmo que não reconhecidas","Extensões adicionais que não podem ser ignoradas, mesmo que não reconhecidas","","","","","","","","","",,,,,"",,,,"DomainResource.modifierExtension",0,*,"","ele-1:All FHIR elements must have a @value or children {hasValue() or (children().count() > id.count())}
ext-1:Must have either extensions or value[x], not both {extension.exists() != value.exists()}"
"MedicationStatement.identifier","MedicationStatement.identifier","","","",0,*,"","","Y","Identifier {[]} {[]}
","Identificadores externos para este recurso","Identificadores externos para este recurso","This is a business identifier, not a resource identifier.","","","","","","","","",,,,,"",,,,"MedicationStatement.identifier",0,*,"","ele-1:All FHIR elements must have a @value or children {hasValue() or (children().count() > id.count())}
","Event.identifier",".id","FiveWs.identifier"
"MedicationStatement.basedOn","MedicationStatement.basedOn","","","",0,*,"","","Y","Reference {[]} {[CanonicalType[https://br-core.saude.gov.br/fhir/StructureDefinition/br-core-medicationrequest], CanonicalType[https://br-core.saude.gov.br/fhir/StructureDefinition/br-core-careplan], CanonicalType[https://br-core.saude.gov.br/fhir/StructureDefinition/br-core-servicerequest]]}
","Referência ao pedido ou ao plano de tratamento que gerou este recurso","Referência ao pedido ou ao plano de tratamento que gerou este recurso","","Allows tracing of authorization for the event and tracking whether proposals/recommendations were acted upon.","","","","","","","",,,,,"",,,,"MedicationStatement.basedOn",0,*,"","ele-1:All FHIR elements must have a @value or children {hasValue() or (children().count() > id.count())}
","Event.basedOn",".outboundRelationship[typeCode=FLFS].target[classCode=SBADM or PROC or PCPR or OBS, moodCode=RQO orPLAN or PRP]"
"MedicationStatement.partOf","MedicationStatement.partOf","","","",0,*,"","","Y","Reference {[]} {[CanonicalType[https://br-core.saude.gov.br/fhir/StructureDefinition/br-core-medicationadministration], CanonicalType[https://br-core.saude.gov.br/fhir/StructureDefinition/br-core-medicationdispense], CanonicalType[https://br-core.saude.gov.br/fhir/StructureDefinition/br-core-medicationstatement], CanonicalType[https://br-core.saude.gov.br/fhir/StructureDefinition/br-core-procedure], CanonicalType[https://br-core.saude.gov.br/fhir/StructureDefinition/br-core-observation]]}
","Referência ao evento do qual este recurso faz parte","Referência ao evento do qual este recurso faz parte","","This should not be used when indicating which resource a MedicationStatement has been derived from.  If that is the use case, then MedicationStatement.derivedFrom should be used.","","","","","","","",,,,,"",,,,"MedicationStatement.partOf",0,*,"","ele-1:All FHIR elements must have a @value or children {hasValue() or (children().count() > id.count())}
","Event.partOf",".outboundRelationship[typeCode=COMP]/target[classCode=SPLY or SBADM or PROC or OBS,moodCode=EVN]"
"MedicationStatement.status","MedicationStatement.status","","","",1,1,"","Y","Y","code {[]} {[]}
","Status atual do recurso: active | completed | entered-in-error | intended | stopped | on-hold | unknown | not-taken","Status atual do recurso: active | completed | entered-in-error | intended | stopped | on-hold | unknown | not-taken","MedicationStatement is a statement at a point in time.  The status is only representative at the point when it was asserted.  The value set for MedicationStatement.status contains codes that assert the status of the use of the medication by the patient (for example, stopped or on hold) as well as codes that assert the status of the medication statement itself (for example, entered in error).This element is labeled as a modifier because the status contains codes that mark the resource as not currently valid.","","","","","","","","",,"required","A coded concept indicating the current status of a MedicationStatement.","http://hl7.org/fhir/ValueSet/medication-statement-status|4.0.1","",,,,"MedicationStatement.status",1,1,"","ele-1:All FHIR elements must have a @value or children {hasValue() or (children().count() > id.count())}
","Event.status",".statusCode","FiveWs.status"
"MedicationStatement.statusReason","MedicationStatement.statusReason","","","",0,*,"","","","CodeableConcept {[]} {[]}
","Motivo do status atual","Motivo do status atual","This is generally only used for ""exception"" statuses such as ""not-taken"", ""on-hold"", ""cancelled"" or ""entered-in-error"". The reason for performing the event at all is captured in reasonCode, not here.","","","","","","","","",,"example","A coded concept indicating the reason for the status of the statement.","http://hl7.org/fhir/ValueSet/reason-medication-status-codes|4.0.1","",,,,"MedicationStatement.statusReason",0,*,"","ele-1:All FHIR elements must have a @value or children {hasValue() or (children().count() > id.count())}
","Event.statusReason",".inboundRelationship[typeCode=SUBJ].source[classCode=CACT, moodCode=EVN].reasonCOde"
"MedicationStatement.category","MedicationStatement.category","","","",0,1,"","","Y","CodeableConcept {[]} {[]}
","Um conceito codificado identificando onde se espera que o medicamento incluído neste recurso seja administrado","Um conceito codificado identificando onde se espera que o medicamento incluído neste recurso seja administrado","","","","","","","","","",,"preferred","A coded concept identifying where the medication included in the MedicationStatement is expected to be consumed or administered.","http://hl7.org/fhir/ValueSet/medication-statement-category|4.0.1","",,,,"MedicationStatement.category",0,1,"","ele-1:All FHIR elements must have a @value or children {hasValue() or (children().count() > id.count())}
",".inboundRelationship[typeCode=COMP].source[classCode=OBS, moodCode=EVN, code=""type of medication usage""].value","FiveWs.class"
"MedicationStatement.medication[x]","MedicationStatement.medication[x]","","","",1,1,"","","Y","CodeableConcept {[]} {[]}
Reference {[]} {[CanonicalType[http://hl7.org/fhir/StructureDefinition/Medication|4.0.1]]}","Qual medicamento foi tomado","Qual medicamento foi tomado","If only a code is specified, then it needs to be a code for a specific product. If more information is required, then the use of the medication resource is recommended.  For example, if you require form or lot number, then you must reference the Medication resource.","","","","","","","","",,"example","A coded concept identifying the substance or product being taken.","http://hl7.org/fhir/ValueSet/medication-codes|4.0.1","","type:$this}
","",,"open","MedicationStatement.medication[x]",1,1,"","ele-1:All FHIR elements must have a @value or children {hasValue() or (children().count() > id.count())}
","Event.code",".participation[typeCode=CSM].role[classCode=ADMM or MANU]","FiveWs.what[x]"
"MedicationStatement.medication[x]:medicationReference","MedicationStatement.medication[x]","medicationReference","","",0,1,"","","Y","Reference {[]} {[CanonicalType[https://br-core.saude.gov.br/fhir/StructureDefinition/br-core-medication]]}
","Referência ao medicamento","Referência ao medicamento","If only a code is specified, then it needs to be a code for a specific product. If more information is required, then the use of the medication resource is recommended.  For example, if you require form or lot number, then you must reference the Medication resource.","","","","","","","","",,,,,"",,,,"MedicationStatement.medication[x]",1,1,"","ele-1:All FHIR elements must have a @value or children {hasValue() or (children().count() > id.count())}
","Event.code",".participation[typeCode=CSM].role[classCode=ADMM or MANU]","FiveWs.what[x]"
"MedicationStatement.subject","MedicationStatement.subject","","","",1,1,"","","Y","Reference {[]} {[CanonicalType[https://br-core.saude.gov.br/fhir/StructureDefinition/br-core-patient]]}
","Referência que utiliza o medicamento","Referência que utiliza o medicamento","","","","","","","","","",,,,,"",,,,"MedicationStatement.subject",1,1,"","ele-1:All FHIR elements must have a @value or children {hasValue() or (children().count() > id.count())}
","Event.subject",".participation[typeCode=SBJ].role[classCode=PAT]","FiveWs.subject[x]","FiveWs.subject","PID-3-Patient ID List"
"MedicationStatement.subject.id","MedicationStatement.subject.id","","","",0,1,"","","","string {[]} {[]}
","Identificador único para referência cruzada","Identificador único para referência cruzada","","","","","","","","","",,,,,"",,,,"Element.id",0,1,"","","n/a"
"MedicationStatement.subject.extension","MedicationStatement.subject.extension","","","",0,*,"","","","Extension {[]} {[]}
","Extensões adicionais que não fazem parte do modelo de dados básico","Extensões adicionais que não fazem parte do modelo de dados básico","","","","","","","","","",,,,,"","value:url}
","Extensions are always sliced by (at least) url",,"open","Element.extension",0,*,"","ele-1:All FHIR elements must have a @value or children {hasValue() or (children().count() > id.count())}
ext-1:Must have either extensions or value[x], not both {extension.exists() != value.exists()}"
"MedicationStatement.subject.reference","MedicationStatement.subject.reference","","","",0,1,"","","Y","string {[]} {[]}
","Referência literal. URL relativa, interna ou externa","Referência literal. URL relativa, interna ou externa","Using absolute URLs provides a stable scalable approach suitable for a cloud/web context, while using relative/logical references provides a flexible approach suitable for use when trading across closed eco-system boundaries.   Absolute URLs do not need to point to a FHIR RESTful server, though this is the preferred approach. If the URL conforms to the structure ""/[type]/[id]"" then it should be assumed that the reference is to a FHIR RESTful server.","","","","","","","","",,,,,"",,,,"Reference.reference",0,1,"ref-1
","ele-1:All FHIR elements must have a @value or children {hasValue() or (children().count() > id.count())}
","N/A"
"MedicationStatement.subject.type","MedicationStatement.subject.type","","","",0,1,"","","Y","uri {[]} {[]}
","Tipo de recurso ao qual a referência é feita","Tipo de recurso ao qual a referência é feita","This element is used to indicate the type of  the target of the reference. This may be used which ever of the other elements are populated (or not). In some cases, the type of the target may be determined by inspection of the reference (e.g. a RESTful URL) or by resolving the target of the reference; if both the type and a reference is provided, the reference SHALL resolve to a resource of the same type as that specified.","","","","","","","","",,"extensible","Aa resource (or, for logical models, the URI of the logical model).","http://hl7.org/fhir/ValueSet/resource-types|4.0.1","",,,,"Reference.type",0,1,"","ele-1:All FHIR elements must have a @value or children {hasValue() or (children().count() > id.count())}
","N/A"
"MedicationStatement.subject.identifier","MedicationStatement.subject.identifier","","","",0,1,"","","Y","Identifier {[]} {[]}
","Referência lógica, quando a referência literal não é conhecida","Referência lógica, quando a referência literal não é conhecida","When an identifier is provided in place of a reference, any system processing the reference will only be able to resolve the identifier to a reference if it understands the business context in which the identifier is used. Sometimes this is global (e.g. a national identifier) but often it is not. For this reason, none of the useful mechanisms described for working with references (e.g. chaining, includes) are possible, nor should servers be expected to be able resolve the reference. Servers may accept an identifier based reference untouched, resolve it, and/or reject it - see CapabilityStatement.rest.resource.referencePolicy. 

When both an identifier and a literal reference are provided, the literal reference is preferred. Applications processing the resource are allowed - but not required - to check that the identifier matches the literal reference

Applications converting a logical reference to a literal reference may choose to leave the logical reference present, or remove it.

Reference is intended to point to a structure that can potentially be expressed as a FHIR resource, though there is no need for it to exist as an actual FHIR resource instance - except in as much as an application wishes to actual find the target of the reference. The content referred to be the identifier must meet the logical constraints implied by any limitations on what resource types are permitted for the reference.  For example, it would not be legitimate to send the identifier for a drug prescription if the type were Reference(Observation|DiagnosticReport).  One of the use-cases for Reference.identifier is the situation where no FHIR representation exists (where the type is Reference (Any).","","","","","","","","",,,,,"",,,,"Reference.identifier",0,1,"","ele-1:All FHIR elements must have a @value or children {hasValue() or (children().count() > id.count())}
",".identifier"
"MedicationStatement.subject.display","MedicationStatement.subject.display","","","",0,1,"","","Y","string {[]} {[]}
","Texto alternativo para o recurso","Texto alternativo para o recurso","This is generally not the same as the Resource.text of the referenced resource.  The purpose is to identify what's being referenced, not to fully describe it.","","","","","","","","",,,,,"",,,,"Reference.display",0,1,"","ele-1:All FHIR elements must have a @value or children {hasValue() or (children().count() > id.count())}
","N/A"
"MedicationStatement.context","MedicationStatement.context","","","",0,1,"","","Y","Reference {[]} {[CanonicalType[https://br-core.saude.gov.br/fhir/StructureDefinition/br-core-encounter], CanonicalType[http://hl7.org/fhir/StructureDefinition/EpisodeOfCare]]}
","Referência ao atendimento ou ao cuidado de associado a este recurso","Referência ao atendimento ou ao cuidado de associado a este recurso","","","","","","","","","",,,,,"",,,,"MedicationStatement.context",0,1,"","ele-1:All FHIR elements must have a @value or children {hasValue() or (children().count() > id.count())}
","Event.context",".inboundRelationship[typeCode=COMP].source[classCode=ENC, moodCode=EVN, code=""type of encounter or episode""]"
"MedicationStatement.effective[x]","MedicationStatement.effective[x]","","","",0,1,"","","Y","dateTime {[]} {[]}
Period {[]} {[]}","Data ou intervalo de tempo na qual o medicamento foi ou será administrado","Data ou intervalo de tempo na qual o medicamento foi ou será administrado","This attribute reflects the period over which the patient consumed the medication and is expected to be populated on the majority of Medication Statements. If the medication is still being taken at the time the statement is recorded, the ""end"" date will be omitted.  The date/time attribute supports a variety of dates - year, year/month and exact date.  If something more than this is required, this should be conveyed as text.","","","","","","","","",,,,,"","type:$this}
","",,"closed","MedicationStatement.effective[x]",0,1,"","ele-1:All FHIR elements must have a @value or children {hasValue() or (children().count() > id.count())}
","Event.occurrence[x]",".effectiveTime","FiveWs.done[x]"
"MedicationStatement.effective[x]:effectiveDateTime","MedicationStatement.effective[x]","effectiveDateTime","","",0,1,"","","Y","dateTime {[]} {[]}
","Data na qual o medicamento foi ou será administrado","Data na qual o medicamento foi ou será administrado","This attribute reflects the period over which the patient consumed the medication and is expected to be populated on the majority of Medication Statements. If the medication is still being taken at the time the statement is recorded, the ""end"" date will be omitted.  The date/time attribute supports a variety of dates - year, year/month and exact date.  If something more than this is required, this should be conveyed as text.","","","","","","","","",,,,,"",,,,"MedicationStatement.effective[x]",0,1,"","ele-1:All FHIR elements must have a @value or children {hasValue() or (children().count() > id.count())}
","Event.occurrence[x]",".effectiveTime","FiveWs.done[x]"
"MedicationStatement.effective[x]:effectivePeriod","MedicationStatement.effective[x]","effectivePeriod","","",0,1,"","","Y","Period {[]} {[]}
","Intervalo de tempo no qual o medicamento foi ou será administrado","Intervalo de tempo no qual o medicamento foi ou será administrado","This attribute reflects the period over which the patient consumed the medication and is expected to be populated on the majority of Medication Statements. If the medication is still being taken at the time the statement is recorded, the ""end"" date will be omitted.  The date/time attribute supports a variety of dates - year, year/month and exact date.  If something more than this is required, this should be conveyed as text.","","","","","","","","",,,,,"",,,,"MedicationStatement.effective[x]",0,1,"","ele-1:All FHIR elements must have a @value or children {hasValue() or (children().count() > id.count())}
","Event.occurrence[x]",".effectiveTime","FiveWs.done[x]"
"MedicationStatement.dateAsserted","MedicationStatement.dateAsserted","","","",0,1,"","","Y","dateTime {[]} {[]}
","Data de registro deste recurso","Data de registro deste recurso","","","","","","","","","",,,,,"",,,,"MedicationStatement.dateAsserted",0,1,"","ele-1:All FHIR elements must have a @value or children {hasValue() or (children().count() > id.count())}
",".participation[typeCode=AUT].time","FiveWs.recorded"
"MedicationStatement.informationSource","MedicationStatement.informationSource","","","",0,1,"","","","Reference {[]} {[CanonicalType[https://br-core.saude.gov.br/fhir/StructureDefinition/br-core-patient], CanonicalType[https://br-core.saude.gov.br/fhir/StructureDefinition/br-core-practitioner], CanonicalType[https://br-core.saude.gov.br/fhir/StructureDefinition/br-core-practitionerrole], CanonicalType[https://br-core.saude.gov.br/fhir/StructureDefinition/br-core-relatedperson], CanonicalType[https://br-core.saude.gov.br/fhir/StructureDefinition/br-core-organization]]}
","Referência à pessoa ou organização que forneceu as informações sobre este recurso","Referência à pessoa ou organização que forneceu as informações sobre este recurso","","","","","","","","","",,,,,"",,,,"MedicationStatement.informationSource",0,1,"","ele-1:All FHIR elements must have a @value or children {hasValue() or (children().count() > id.count())}
",".participation[typeCode=INF].role[classCode=PAT, or codes for Practioner or Related Person (if PAT is the informer, then syntax for self-reported =true)","FiveWs.source"
"MedicationStatement.derivedFrom","MedicationStatement.derivedFrom","","","",0,*,"","","","Reference {[]} {[CanonicalType[http://hl7.org/fhir/StructureDefinition/Resource|4.0.1]]}
","Referência à um recurso com informações adicionais","Referência à um recurso com informações adicionais","Likely references would be to MedicationRequest, MedicationDispense, Claim, Observation or QuestionnaireAnswers.  The most common use cases for deriving a MedicationStatement comes from creating a MedicationStatement from a MedicationRequest or from a lab observation or a claim.  it should be noted that the amount of information that is available varies from the type resource that you derive the MedicationStatement from.","","","","","","","","",,,,,"",,,,"MedicationStatement.derivedFrom",0,*,"","ele-1:All FHIR elements must have a @value or children {hasValue() or (children().count() > id.count())}
",".outboundRelationship[typeCode=SPRT]/target[classCode=ACT,moodCode=EVN]"
"MedicationStatement.reasonCode","MedicationStatement.reasonCode","","","",0,*,"","","","CodeableConcept {[]} {[]}
","Motivo pelo qual o medicamento foi ou será administrado","Motivo pelo qual o medicamento foi ou será administrado","This could be a diagnosis code. If a full condition record exists or additional detail is needed, use reasonForUseReference.","","","","","","","","",,"example","A coded concept identifying why the medication is being taken.","http://hl7.org/fhir/ValueSet/condition-code|4.0.1","",,,,"MedicationStatement.reasonCode",0,*,"","ele-1:All FHIR elements must have a @value or children {hasValue() or (children().count() > id.count())}
","Event.reasonCode",".reasonCode","FiveWs.why[x]"
"MedicationStatement.reasonReference","MedicationStatement.reasonReference","","","",0,*,"","","","Reference {[]} {[CanonicalType[https://br-core.saude.gov.br/fhir/StructureDefinition/br-core-condition], CanonicalType[https://br-core.saude.gov.br/fhir/StructureDefinition/br-core-observation], CanonicalType[https://br-core.saude.gov.br/fhir/StructureDefinition/br-core-diagnosticreport]]}
","Referência à condição ou observação associado a este recurso","Referência à condição ou observação associado a este recurso","This is a reference to a condition that is the reason why the medication is being/was taken.  If only a code exists, use reasonForUseCode.","","","","","","","","",,,,,"",,,,"MedicationStatement.reasonReference",0,*,"","ele-1:All FHIR elements must have a @value or children {hasValue() or (children().count() > id.count())}
","Event.reasonReference",".outboundRelationship[typeCode=RSON]/target[classCode=OBS,moodCode=EVN, code=""reason for use""].value","FiveWs.why[x]"
"MedicationStatement.note","MedicationStatement.note","","","",0,*,"","","","Annotation {[]} {[]}
","Informações adicionais sobre essa declaração","Informações adicionais sobre essa declaração","","","","","","","","","",,,,,"",,,,"MedicationStatement.note",0,*,"","ele-1:All FHIR elements must have a @value or children {hasValue() or (children().count() > id.count())}
","Event.note",".inboundRelationship[typeCode=SUBJ]/source[classCode=OBS,moodCode=EVN,code=""annotation""].value"
"MedicationStatement.dosage","MedicationStatement.dosage","","","",0,*,"","","","Dosage {[]} {[]}
","Dosagem dos medicamentos","Dosagem dos medicamentos","The dates included in the dosage on a Medication Statement reflect the dates for a given dose.  For example, ""from November 1, 2016 to November 3, 2016, take one tablet daily and from November 4, 2016 to November 7, 2016, take two tablets daily.""  It is expected that this specificity may only be populated where the patient brings in their labeled container or where the Medication Statement is derived from a MedicationRequest.","","","","","","","","",,,,,"",,,,"MedicationStatement.dosage",0,*,"","ele-1:All FHIR elements must have a @value or children {hasValue() or (children().count() > id.count())}
","refer dosageInstruction mapping"
"MedicationStatement.dosage.id","MedicationStatement.dosage.id","","","",0,1,"","","","string {[]} {[]}
","Identificador único para referência cruzada","Identificador único para referência cruzada","","","","","","","","","",,,,,"",,,,"Element.id",0,1,"","","n/a"
"MedicationStatement.dosage.extension","MedicationStatement.dosage.extension","","","",0,*,"","","","Extension {[]} {[]}
","Extensões adicionais que não fazem parte do modelo de dados básico","Extensões adicionais que não fazem parte do modelo de dados básico","","","","","","","","","",,,,,"","value:url}
","Extensions are always sliced by (at least) url",,"open","Element.extension",0,*,"","ele-1:All FHIR elements must have a @value or children {hasValue() or (children().count() > id.count())}
ext-1:Must have either extensions or value[x], not both {extension.exists() != value.exists()}"
"MedicationStatement.dosage.modifierExtension","MedicationStatement.dosage.modifierExtension","","","",0,*,"","Y","Y","Extension {[]} {[]}
","Extensões adicionais que não podem ser ignoradas, mesmo que não reconhecidas","Extensões adicionais que não podem ser ignoradas, mesmo que não reconhecidas","","","","","","","","","",,,,,"",,,,"BackboneElement.modifierExtension",0,*,"","ele-1:All FHIR elements must have a @value or children {hasValue() or (children().count() > id.count())}
ext-1:Must have either extensions or value[x], not both {extension.exists() != value.exists()}"
"MedicationStatement.dosage.sequence","MedicationStatement.dosage.sequence","","","",0,1,"","","Y","integer {[]} {[]}
","A ordem das instruções de dosagem","A ordem das instruções de dosagem","","If the sequence number of multiple Dosages is the same, then it is implied that the instructions are to be treated as concurrent.  If the sequence number is different, then the Dosages are intended to be sequential.","","","","","","","",,,,,"",,,,"Dosage.sequence",0,1,"","ele-1:All FHIR elements must have a @value or children {hasValue() or (children().count() > id.count())}
",".text","TQ1-1"
"MedicationStatement.dosage.text","MedicationStatement.dosage.text","","","",0,1,"","","Y","string {[]} {[]}
","Instruções de dosagem em texto livre","Instruções de dosagem em texto livre","","Free text dosage instructions can be used for cases where the instructions are too complex to code.  The content of this attribute does not include the name or description of the medication. When coded instructions are present, the free text instructions may still be present for display to humans taking or administering the medication. It is expected that the text instructions will always be populated.  If the dosage.timing attribute is also populated, then the dosage.text should reflect the same information as the timing.  Additional information about administration or preparation of the medication should be included as text.","","","","","","","",,,,,"",,,,"Dosage.text",0,1,"","ele-1:All FHIR elements must have a @value or children {hasValue() or (children().count() > id.count())}
",".text","RXO-6; RXE-21"
"MedicationStatement.dosage.additionalInstruction","MedicationStatement.dosage.additionalInstruction","","","",0,*,"","","Y","CodeableConcept {[]} {[]}
","Informações auxiliares ou advertências ao paciente","Informações auxiliares ou advertências ao paciente","Information about administration or preparation of the medication (e.g. ""infuse as rapidly as possibly via intraperitoneal port"" or ""immediately following drug x"") should be populated in dosage.text.","Additional instruction is intended to be coded, but where no code exists, the element could include text.  For example, ""Swallow with plenty of water"" which might or might not be coded.","","","","","","","",,"example","A coded concept identifying additional instructions such as ""take with water"" or ""avoid operating heavy machinery"".","http://hl7.org/fhir/ValueSet/additional-instruction-codes|4.0.1","",,,,"Dosage.additionalInstruction",0,*,"","ele-1:All FHIR elements must have a @value or children {hasValue() or (children().count() > id.count())}
",".text","RXO-7"
"MedicationStatement.dosage.patientInstruction","MedicationStatement.dosage.patientInstruction","","","",0,1,"","","Y","string {[]} {[]}
","Instruções orientadas ao paciente ou consumidor","Instruções orientadas ao paciente ou consumidor","","","","","","","","","",,,,,"",,,,"Dosage.patientInstruction",0,1,"","ele-1:All FHIR elements must have a @value or children {hasValue() or (children().count() > id.count())}
",".text","RXO-7"
"MedicationStatement.dosage.timing","MedicationStatement.dosage.timing","","","",0,1,"","","Y","Timing {[]} {[]}
","Quando o medicamento deve ser administrado","Quando o medicamento deve ser administrado","This attribute might not always be populated while the Dosage.text is expected to be populated.  If both are populated, then the Dosage.text should reflect the content of the Dosage.timing.","The timing schedule for giving the medication to the patient. This  data type allows many different expressions. For example: ""Every 8 hours""; ""Three times a day""; ""1/2 an hour before breakfast for 10 days from 23-Dec 2011:""; ""15 Oct 2013, 17 Oct 2013 and 1 Nov 2013"".  Sometimes, a rate can imply duration when expressed as total volume / duration (e.g.  500mL/2 hours implies a duration of 2 hours).  However, when rate doesn't imply duration (e.g. 250mL/hour), then the timing.repeat.duration is needed to convey the infuse over time period.","","","","","","","",,,,,"",,,,"Dosage.timing",0,1,"","ele-1:All FHIR elements must have a @value or children {hasValue() or (children().count() > id.count())}
",".effectiveTime"
"MedicationStatement.dosage.asNeeded[x]","MedicationStatement.dosage.asNeeded[x]","","","",0,1,"","","Y","boolean {[]} {[]}
CodeableConcept {[]} {[]}","Tomar ""conforme necessário"" (para x)","Tomar ""conforme necessário"" (para x)","Can express ""as needed"" without a reason by setting the Boolean = True.  In this case the CodeableConcept is not populated.  Or you can express ""as needed"" with a reason by including the CodeableConcept.  In this case the Boolean is assumed to be True.  If you set the Boolean to False, then the dose is given according to the schedule and is not ""prn"" or ""as needed"".","","","","","","","","",,"example","A coded concept identifying the precondition that should be met or evaluated prior to consuming or administering a medication dose.  For example ""pain"", ""30 minutes prior to sexual intercourse"", ""on flare-up"" etc.","http://hl7.org/fhir/ValueSet/medication-as-needed-reason|4.0.1","",,,,"Dosage.asNeeded[x]",0,1,"","ele-1:All FHIR elements must have a @value or children {hasValue() or (children().count() > id.count())}
",".outboundRelationship[typeCode=PRCN].target[classCode=OBS, moodCode=EVN, code=""as needed""].value=boolean or codable concept","TQ1-9"
"MedicationStatement.dosage.site","MedicationStatement.dosage.site","","","",0,1,"","","Y","CodeableConcept {[]} {[]}
","Local no corpo onde deve ser administrado o medicamento","Local no corpo onde deve ser administrado o medicamento","If the use case requires attributes from the BodySite resource (e.g. to identify and track separately) then use the standard extension [bodySite](http://hl7.org/fhir/R4/extension-bodysite.html).  May be a summary code, or a reference to a very precise definition of the location, or both.","A coded specification of the anatomic site where the medication first enters the body.","","","","","","","",,"example","","http://hl7.org/fhir/ValueSet/body-site","",,,,"Dosage.site",0,1,"","ele-1:All FHIR elements must have a @value or children {hasValue() or (children().count() > id.count())}
",".approachSiteCode","RXR-2"
"MedicationStatement.dosage.route","MedicationStatement.dosage.route","","","",0,1,"","","Y","CodeableConcept {[]} {[]}
","Via de administração","Via de administração","","A code specifying the route or physiological path of administration of a therapeutic agent into or onto a patient's body.","","","","","","","",,"example","","http://hl7.org/fhir/uv/ips/ValueSet/medicine-route-of-administration","",,,,"Dosage.route",0,1,"","ele-1:All FHIR elements must have a @value or children {hasValue() or (children().count() > id.count())}
",".routeCode","RXR-1"
"MedicationStatement.dosage.method","MedicationStatement.dosage.method","","","",0,1,"","","Y","CodeableConcept {[]} {[]}
","Método de administração","Método de administração","Terminologies used often pre-coordinate this term with the route and or form of administration.","A coded value indicating the method by which the medication is introduced into or onto the body. Most commonly used for injections.  For examples, Slow Push; Deep IV.","","","","","","","",,"example","A coded concept describing the technique by which the medicine is administered.","http://hl7.org/fhir/ValueSet/administration-method-codes|4.0.1","",,,,"Dosage.method",0,1,"","ele-1:All FHIR elements must have a @value or children {hasValue() or (children().count() > id.count())}
",".doseQuantity","RXR-4"
"MedicationStatement.dosage.doseAndRate","MedicationStatement.dosage.doseAndRate","","","",0,*,"","","Y","Element {[]} {[]}
","Quantidade de medicamento administrado","Quantidade de medicamento administrado","","","","","","","","","",,,,,"",,,,"Dosage.doseAndRate",0,*,"","ele-1:All FHIR elements must have a @value or children {hasValue() or (children().count() > id.count())}
","TQ1-2"
"MedicationStatement.dosage.doseAndRate.id","MedicationStatement.dosage.doseAndRate.id","","","",0,1,"","","","string {[]} {[]}
","Identificador único para referência cruzada","Identificador único para referência cruzada","","","","","","","","","",,,,,"",,,,"Element.id",0,1,"","","n/a"
"MedicationStatement.dosage.doseAndRate.extension","MedicationStatement.dosage.doseAndRate.extension","","","",0,*,"","","","Extension {[]} {[]}
","Extensões adicionais que não fazem parte do modelo de dados básico","Extensões adicionais que não fazem parte do modelo de dados básico","","","","","","","","","",,,,,"","value:url}
","Extensions are always sliced by (at least) url",,"open","Element.extension",0,*,"","ele-1:All FHIR elements must have a @value or children {hasValue() or (children().count() > id.count())}
ext-1:Must have either extensions or value[x], not both {extension.exists() != value.exists()}"
"MedicationStatement.dosage.doseAndRate.type","MedicationStatement.dosage.doseAndRate.type","","","",0,1,"","","Y","CodeableConcept {[]} {[]}
","O tipo de dose especificado","O tipo de dose especificado","","If the type is not populated, assume to be ""ordered"".","","","","","","","",,"example","The kind of dose or rate specified.","http://hl7.org/fhir/ValueSet/dose-rate-type|4.0.1","",,,,"Dosage.doseAndRate.type",0,1,"","ele-1:All FHIR elements must have a @value or children {hasValue() or (children().count() > id.count())}
","RXO-21; RXE-23"
"MedicationStatement.dosage.doseAndRate.dose[x]","MedicationStatement.dosage.doseAndRate.dose[x]","","","",0,1,"","","Y","Range {[]} {[]}
Quantity {[CanonicalType[http://hl7.org/fhir/StructureDefinition/SimpleQuantity|4.0.1]]} {[]}","Quantidade de medicamento por dose","Quantidade de medicamento por dose","Note that this specifies the quantity of the specified medication, not the quantity for each active ingredient(s). Each ingredient amount can be communicated in the Medication resource. For example, if one wants to communicate that a tablet was 375 mg, where the dose was one tablet, you can use the Medication resource to document that the tablet was comprised of 375 mg of drug XYZ. Alternatively if the dose was 375 mg, then you may only need to use the Medication resource to indicate this was a tablet. If the example were an IV such as dopamine and you wanted to communicate that 400mg of dopamine was mixed in 500 ml of some IV solution, then this would all be communicated in the Medication resource. If the administration is not intended to be instantaneous (rate is present or timing has a duration), this can be specified to convey the total amount to be administered over the period of time as indicated by the schedule e.g. 500 ml in dose, with timing used to convey that this should be done over 4 hours.","The amount of therapeutic or other substance given at one administration event.","","","","","","","",,,,,"",,,,"Dosage.doseAndRate.dose[x]",0,1,"","ele-1:All FHIR elements must have a @value or children {hasValue() or (children().count() > id.count())}
",".doseQuantity","RXO-2, RXE-3"
"MedicationStatement.dosage.doseAndRate.rate[x]","MedicationStatement.dosage.doseAndRate.rate[x]","","","",0,1,"","","Y","Ratio {[]} {[]}
Range {[]} {[]}Quantity {[CanonicalType[http://hl7.org/fhir/StructureDefinition/SimpleQuantity|4.0.1]]} {[]}","Quantidade de medicamento por unidade de tempo","Quantidade de medicamento por unidade de tempo","It is possible to supply both a rate and a doseQuantity to provide full details about how the medication is to be administered and supplied. If the rate is intended to change over time, depending on local rules/regulations, each change should be captured as a new version of the MedicationRequest with an updated rate, or captured with a new MedicationRequest with the new rate.It is possible to specify a rate over time (for example, 100 ml/hour) using either the rateRatio and rateQuantity.  The rateQuantity approach requires systems to have the capability to parse UCUM grammer where ml/hour is included rather than a specific ratio where the time is specified as the denominator.  Where a rate such as 500ml over 2 hours is specified, the use of rateRatio may be more semantically correct than specifying using a rateQuantity of 250 mg/hour.","Identifies the speed with which the medication was or will be introduced into the patient. Typically the rate for an infusion e.g. 100 ml per 1 hour or 100 ml/hr.  May also be expressed as a rate per unit of time e.g. 500 ml per 2 hours.   Other examples: 200 mcg/min or 200 mcg/1 minute; 1 liter/8 hours.  Sometimes, a rate can imply duration when expressed as total volume / duration (e.g.  500mL/2 hours implies a duration of 2 hours).  However, when rate doesn't imply duration (e.g. 250mL/hour), then the timing.repeat.duration is needed to convey the infuse over time period.","","","","","","","",,,,,"",,,,"Dosage.doseAndRate.rate[x]",0,1,"","ele-1:All FHIR elements must have a @value or children {hasValue() or (children().count() > id.count())}
",".rateQuantity","RXE22, RXE23, RXE-24"
"MedicationStatement.dosage.maxDosePerPeriod","MedicationStatement.dosage.maxDosePerPeriod","","","",0,1,"","","Y","Ratio {[]} {[]}
","Limite máximo de medicamento por unidade de tempo","Limite máximo de medicamento por unidade de tempo","This is intended for use as an adjunct to the dosage when there is an upper cap.  For example ""2 tablets every 4 hours to a maximum of 8/day"".","The maximum total quantity of a therapeutic substance that may be administered to a subject over the period of time.  For example, 1000mg in 24 hours.","","","","","","","",,,,,"",,,,"Dosage.maxDosePerPeriod",0,1,"","ele-1:All FHIR elements must have a @value or children {hasValue() or (children().count() > id.count())}
",".maxDoseQuantity","RXO-23, RXE-19"
"MedicationStatement.dosage.maxDosePerAdministration","MedicationStatement.dosage.maxDosePerAdministration","","","",0,1,"","","Y","Quantity {[CanonicalType[http://hl7.org/fhir/StructureDefinition/SimpleQuantity|4.0.1]]} {[]}
","Limite máximo de medicamento por administração","Limite máximo de medicamento por administração","This is intended for use as an adjunct to the dosage when there is an upper cap.  For example, a body surface area related dose with a maximum amount, such as 1.5 mg/m2 (maximum 2 mg) IV over 5 – 10 minutes would have doseQuantity of 1.5 mg/m2 and maxDosePerAdministration of 2 mg.","The maximum total quantity of a therapeutic substance that may be administered to a subject per administration.","","","","","","","",,,,,"",,,,"Dosage.maxDosePerAdministration",0,1,"","ele-1:All FHIR elements must have a @value or children {hasValue() or (children().count() > id.count())}
","not supported"
"MedicationStatement.dosage.maxDosePerLifetime","MedicationStatement.dosage.maxDosePerLifetime","","","",0,1,"","","Y","Quantity {[CanonicalType[http://hl7.org/fhir/StructureDefinition/SimpleQuantity|4.0.1]]} {[]}
","Limite máximo de medicamento por tempo de vida do paciente","Limite máximo de medicamento por tempo de vida do paciente","","The maximum total quantity of a therapeutic substance that may be administered per lifetime of the subject.","","","","","","","",,,,,"",,,,"Dosage.maxDosePerLifetime",0,1,"","ele-1:All FHIR elements must have a @value or children {hasValue() or (children().count() > id.count())}
","not supported"
