URL,Version,Status,OIDs,Name,Title,Description,Uses,Used,Sources
http://hl7.org/fhir/ValueSet/address-type,4.0.1,active,"2.16.840.1.113883.4.642.3.69",AddressType,AddressType,"The type of an address (physical / postal).","StructureDefinition/br-core-address","hl7.fhir.r4.core"
http://hl7.org/fhir/ValueSet/address-use,4.0.1,active,"2.16.840.1.113883.4.642.3.67",AddressUse,AddressUse,"The use of an address.","StructureDefinition/br-core-address","hl7.fhir.r4.core"
http://hl7.org/fhir/ValueSet/appointment-cancellation-reason,4.0.1,draft,"2.16.840.1.113883.4.642.3.1381",AppointmentCancellationReason,Appointment cancellation reason,"This example value set defines a set of reasons for the cancellation of an appointment.","StructureDefinition/br-core-appointment","THO"
http://hl7.org/fhir/ValueSet/appointmentstatus,4.0.1,draft,"2.16.840.1.113883.4.642.3.484",AppointmentStatus,AppointmentStatus,"The free/busy status of an appointment.","StructureDefinition/br-core-appointment","hl7.fhir.r4.core"
http://hl7.org/fhir/ValueSet/body-site,4.0.1,draft,"2.16.840.1.113883.4.642.3.141",SNOMEDCTBodyStructures,SNOMED CT Body Structures,"This value set includes all codes from [SNOMED CT](http://snomed.info/sct) where concept is-a 442083009 (Anatomical or acquired body site (body structure)).","StructureDefinition/br-core-vitalsigns,StructureDefinition/br-core-condition,StructureDefinition/br-core-medicationstatement,StructureDefinition/br-core-medicationadministration,StructureDefinition/br-core-procedure,StructureDefinition/br-core-servicerequest","SCT"
http://hl7.org/fhir/ValueSet/composition-attestation-mode,4.0.1,draft,"2.16.840.1.113883.4.642.3.238",CompositionAttestationMode,CompositionAttestationMode,"The way in which a person authenticated a composition.","StructureDefinition/br-core-composition","hl7.fhir.r4.core"
http://hl7.org/fhir/ValueSet/composition-status,4.0.1,draft,"2.16.840.1.113883.4.642.3.241",CompositionStatus,CompositionStatus,"The workflow/clinical status of the composition.","StructureDefinition/br-core-composition","hl7.fhir.r4.core"
http://hl7.org/fhir/ValueSet/condition-category,4.0.1,draft,"2.16.840.1.113883.4.642.3.162",ConditionCategoryCodes,Condition Category Codes,"Preferred value set for Condition Categories.","StructureDefinition/br-core-condition","THO"
http://hl7.org/fhir/ValueSet/diagnosis-role,4.0.1,draft,"2.16.840.1.113883.4.642.3.49",DiagnosisRole,DiagnosisRole,"This value set defines a set of codes that can be used to express the role of a diagnosis on the Encounter or EpisodeOfCare record.","StructureDefinition/br-core-encounter","THO"
http://hl7.org/fhir/ValueSet/doc-section-codes,4.0.1,draft,"2.16.840.1.113883.4.642.3.237",DocumentSectionCodes,Document Section Codes,"Document section codes (LOINC codes used in CCDA sections).","StructureDefinition/br-core-composition","LOINC"
http://hl7.org/fhir/ValueSet/doc-typecodes,4.0.1,draft,"2.16.840.1.113883.4.642.3.240",FHIRDocumentTypeCodes,FHIR Document Type Codes,"FHIR Document Codes - all LOINC codes where scale type = 'DOC'.","StructureDefinition/br-core-composition","LOINC"
http://hl7.org/fhir/ValueSet/document-classcodes,4.0.1,active,"2.16.840.1.113883.3.88.12.80.46",DocumentClassValueSet,Document Class Value Set,"This is the code specifying the high-level kind of document (e.g. Prescription, Discharge Summary, Report, etc.). Note: Class code for documents comes from LOINC, and is based upon one of the following:The type of service described by the document. It is described at a very high level in Section 7.3 of the LOINC Manual. The type study performed. It was determined by identifying modalities for study reports. The section of the chart where the document is placed. It was determined from the SETs created for Claims Attachment requests.","StructureDefinition/br-core-composition","LOINC"
http://hl7.org/fhir/ValueSet/document-relationship-type,4.0.1,draft,"2.16.840.1.113883.4.642.3.244",DocumentRelationshipType,DocumentRelationshipType,"The type of relationship between documents.","StructureDefinition/br-core-composition","hl7.fhir.r4.core"
http://hl7.org/fhir/ValueSet/encounter-location-status,4.0.1,draft,"2.16.840.1.113883.4.642.3.262",EncounterLocationStatus,EncounterLocationStatus,"The status of the location.","StructureDefinition/br-core-encounter","hl7.fhir.r4.core"
http://hl7.org/fhir/ValueSet/identifier-type,4.0.1,active,"2.16.840.1.113883.4.642.3.45",Identifier Type Codes,IdentifierType,"A coded type for an identifier that can be used to determine which identifier to use for a specific purpose.","StructureDefinition/br-core-organization","THO (V2)"
http://hl7.org/fhir/ValueSet/identifier-use,4.0.1,active,"2.16.840.1.113883.4.642.3.57",IdentifierUse,IdentifierUse,"Identifies the purpose for this identifier, if known .","StructureDefinition/br-core-practitionerrole","hl7.fhir.r4.core"
http://hl7.org/fhir/ValueSet/immunization-funding-source,4.0.1,draft,"2.16.840.1.113883.4.642.3.293",ImmunizationFundingSource,Immunization Funding Source,"The value set to instantiate this attribute should be drawn from a terminologically robust code system that consists of or contains concepts to support describing the source of the vaccine administered. This value set is provided as a suggestive example.","StructureDefinition/br-core-immunization","THO"
http://hl7.org/fhir/ValueSet/list-empty-reason,4.0.1,draft,"2.16.840.1.113883.4.642.3.322",ListEmptyReasons,List Empty Reasons,"General reasons for a list to be empty. Reasons are either related to a summary list (i.e. problem or medication list) or to a workflow related list (i.e. consultation list).","StructureDefinition/br-core-composition","THO"
http://hl7.org/fhir/ValueSet/list-mode,4.0.1,draft,"2.16.840.1.113883.4.642.3.318",ListMode,ListMode,"The processing mode that applies to this list.","StructureDefinition/br-core-composition","hl7.fhir.r4.core"
http://hl7.org/fhir/ValueSet/location-physical-type,4.0.1,draft,"2.16.840.1.113883.4.642.3.328",LocationType,Location type,"This example value set defines a set of codes that can be used to indicate the physical form of the Location.","StructureDefinition/br-core-encounter","THO"
http://hl7.org/fhir/ValueSet/med-admin-perform-function,4.0.1,draft,"2.16.840.1.113883.4.642.3.349",MedicationAdministration Performer Function Codes,Medication administration  performer  function  codes,"MedicationAdministration Performer Function Codes","StructureDefinition/br-core-medicationadministration","THO"
http://hl7.org/fhir/ValueSet/participantrequired,4.0.1,draft,"2.16.840.1.113883.4.642.3.488",ParticipantRequired,ParticipantRequired,"Is the Participant required to attend the appointment.","StructureDefinition/br-core-appointment","hl7.fhir.r4.core"
http://hl7.org/fhir/ValueSet/participationstatus,4.0.1,draft,"2.16.840.1.113883.4.642.3.486",ParticipationStatus,ParticipationStatus,"The Participation status of an appointment.","StructureDefinition/br-core-appointment","hl7.fhir.r4.core"
http://hl7.org/fhir/ValueSet/reason-medication-not-given-codes,4.0.1,draft,"2.16.840.1.113883.4.642.3.342",SNOMEDCTReasonMedicationNotGivenCodes,SNOMED CT Reason Medication Not Given Codes,"This value set includes all medication refused, medication not administered, and non-administration of necessary drug or medicine codes from SNOMED CT - provided as an exemplar value set.","StructureDefinition/br-core-medicationadministration","SCT"
http://hl7.org/fhir/ValueSet/slotstatus,4.0.1,draft,"2.16.840.1.113883.4.642.3.482",SlotStatus,SlotStatus,"The free/busy status of the slot.","StructureDefinition/br-core-slot","hl7.fhir.r4.core"
http://hl7.org/fhir/ValueSet/specimen-collection-method,4.0.1,draft,"2.16.840.1.113883.4.642.3.468",FHIRSpecimenCollectionMethod,FHIR Specimen Collection Method," This example value set defines a set of codes that can be used to indicate the method by which a specimen was collected.","StructureDefinition/br-core-specimen","SCT"
http://hl7.org/fhir/uv/ips/ValueSet/edd-method-uv-ips,1.1.0,active,,PregnancyExpectedDeliveryDateMethodUvIps,Pregnancy Expected Delivery Date Method - IPS,"IPS Expected Delivery Date Method","StructureDefinition/br-core-observationpregnancyedd","LOINC"
http://hl7.org/fhir/uv/ips/ValueSet/medicine-doseform,1.1.0,active,,MedicineDoseFormUvIps,Medicine Doseform - IPS,"EDQM (European Directorate for the Quality of Medicines and Healthcare) Dose Form codes.  This Value Set includes all the EDQM Standard Terms having:   [Concept Status] = ‘Current’ AND   [Concept Class] IN (‘PDF’, ‘CMT’, ‘CDF’, ‘PFT') AND   [Domain] = 'Human and Veterinary'    PDF = 'Pharmaceutical dose form'; CMT = 'Combined terms'; CDF = 'Combined pharmaceutical dose form'; PFT = 'Patient Friendly'","StructureDefinition/br-core-medication","Other"
http://hl7.org/fhir/uv/ips/ValueSet/medicine-route-of-administration,1.1.0,active,,MedicineRouteOfAdministrationUvIps,Medicine Route of Administration - IPS,"EDQM (European Directorate for the Quality of Medicines and Healthcare) Route of Administration codes.  This Value Set includes all the EDQM Standard Terms having:   [Concept Status] = ‘Current’ AND   [Concept Class] = 'ROA' AND   [Domain] = 'Human and Veterinary'    ROA = 'Route of administration'","StructureDefinition/br-core-medicationrequest,StructureDefinition/br-core-medicationstatement,StructureDefinition/br-core-allergyintolerance,StructureDefinition/br-core-medicationadministration","Other"
http://hl7.org/fhir/uv/ips/ValueSet/pregnancies-summary-uv-ips,1.1.0,active,,PregnanciesSummaryUvIps,Pregnancies Summary - IPS,"IPS Pregnancies Summary","StructureDefinition/br-core-observationpregnancyoutcome","LOINC"
http://hl7.org/fhir/uv/ips/ValueSet/pregnancy-status-uv-ips,1.1.0,active,,PregnancyStatusUvIps,Pregnancy Status - IPS,"IPS Pregnancy Status","StructureDefinition/br-core-observationpregnancystatus","LOINC"
http://terminology.hl7.org/ValueSet/v2-0276,3.0.0,active,"2.16.840.1.113883.21.181",Hl7VSAppointmentReasonCodes,hl7VS-appointmentReasonCodes,"Value Set of codes that describe the kind of appointment or the reason why an appointment has been scheduled.","StructureDefinition/br-core-appointment,StructureDefinition/br-core-slot","THO (V2)"
http://terminology.hl7.org/ValueSet/v2-0493,3.0.0,active,"2.16.840.1.113883.21.333",Hl7VSSpecimenCondition,hl7VS-specimenCondition,"Concepts of modes or states of being that describe the nature of a specimen.  Used in Version 2 messaging in the SPM segment.","StructureDefinition/br-core-specimen","THO (V2)"
http://terminology.hl7.org/ValueSet/v3-ActCode,3.0.0,active,,ActCode,v3 Code System ActCode,"A code specifying the particular kind of Act that the Act-instance represents within its class.  Constraints:  The kind of Act (e.g. physical examination, serum potassium, inpatient encounter, charge financial transaction, etc.) is specified with a code from one of several, typically external, coding systems.  The coding system will depend on the class of Act, such as LOINC for observations, etc. Conceptually, the Act.code must be a specialization of the Act.classCode. This is why the structure of ActClass domain should be reflected in the superstructure of the ActCode domain and then individual codes or externally referenced vocabularies subordinated under these domains that reflect the ActClass structure. Act.classCode and Act.code are not modifiers of each other but the Act.code concept should really imply the Act.classCode concept. For a negative example, it is not appropriate to use an Act.code ""potassium"" together with and Act.classCode for ""laboratory observation"" to somehow mean ""potassium laboratory observation"" and then use the same Act.code for ""potassium"" together with Act.classCode for ""medication"" to mean ""substitution of potassium"". This mutually modifying use of Act.code and Act.classCode is not permitted.","StructureDefinition/br-core-composition","THO (V3)"
http://terminology.hl7.org/ValueSet/v3-ActEncounterCode,3.0.0,active,"2.16.840.1.113883.1.11.13955",ActEncounterCode,ActEncounterCode,"Domain provides codes that qualify the ActEncounterClass (ENC)","StructureDefinition/br-core-encounter","THO (V3)"
http://terminology.hl7.org/ValueSet/v3-ConfidentialityClassification,2014-03-26,active,"2.16.840.1.113883.1.11.10228",v3.ConfidentialityClassification,V3 Value SetConfidentialityClassification," Set of codes used to value Act.Confidentiality and Role.Confidentiality attribute in accordance with the definition for concept domain ""Confidentiality"".","StructureDefinition/br-core-composition","THO (V3)"
https://terminologia.saude.gov.br/fhir/ValueSet/BRAlergenos,1.1.0,active,,BRAlergenos,BR Alergenos,"","StructureDefinition/br-core-allergyintolerance","br.gov.saude.terminologia.fhir"
https://terminologia.saude.gov.br/fhir/ValueSet/BRAtendimentoPrestado,1.1.0,active,,BRAtendimentoPrestado,BR Atendimento Prestado,"","StructureDefinition/br-core-encounter","br.gov.saude.terminologia.fhir"
https://terminologia.saude.gov.br/fhir/ValueSet/BRCIAP2,1.1.0,active,,BRCIAP2,BRCIAP 2,"","StructureDefinition/br-core-encounter","br.gov.saude.terminologia.fhir"
https://terminologia.saude.gov.br/fhir/ValueSet/BRCID10,1.1.0,active,,BRCID10,BRCID 10,"","StructureDefinition/br-core-appointment,StructureDefinition/br-core-immunization,StructureDefinition/br-core-medicationrequest","br.gov.saude.terminologia.fhir"
https://terminologia.saude.gov.br/fhir/ValueSet/BRCOREN,1.1.0,draft,,BRCOREN,Conselhos regionais de Enfermagem do Brasil,"Conjunto de todos os conselhos regionais de enfermagem do Brasil","StructureDefinition/br-core-practitioner","br.gov.saude.terminologia.fhir"
https://terminologia.saude.gov.br/fhir/ValueSet/BRCRF,1.1.0,draft,,BRCRF,Conselhos regionais de Farmácia do Brasil,"Conjunto de todos os conselhos regionais de farmácia do Brasil","StructureDefinition/br-core-practitioner","br.gov.saude.terminologia.fhir"
https://terminologia.saude.gov.br/fhir/ValueSet/BRCRM,1.1.0,draft,,BRCRM,Conselhos regionais de Medicina do Brasil,"Conjunto de todos os conselhos regionais de medicina do Brasil","StructureDefinition/br-core-practitioner","br.gov.saude.terminologia.fhir"
https://terminologia.saude.gov.br/fhir/ValueSet/BRCRO,1.1.0,draft,,BRCRO,Conselhos regionais de Odontologia do Brasil,"Conjunto de todos os conselhos regionais de farmácia do Brasil","StructureDefinition/br-core-practitioner","br.gov.saude.terminologia.fhir"
https://terminologia.saude.gov.br/fhir/ValueSet/BRCaraterAtendimento,1.1.0,active,,BRCaraterAtendimento,BR Carater Atendimento,"","StructureDefinition/br-core-encounter","br.gov.saude.terminologia.fhir"
https://terminologia.saude.gov.br/fhir/ValueSet/BRCaraterAtendimentoMIRA,1.1.0,active,,BRCaraterAtendimentoMIRA,BR Carater Atendimento MIRA,"","StructureDefinition/br-core-servicerequest","hl7.fhir.r4.core"
https://terminologia.saude.gov.br/fhir/ValueSet/BRCategoriaDiagnostico,1.1.0,active,,BRCategoriaDiagnostico,BR Categoria Diagnostico,"","StructureDefinition/br-core-capacidadefuncional","br.gov.saude.terminologia.fhir"
https://terminologia.saude.gov.br/fhir/ValueSet/BRCategoriaProcedimento,1.1.0,active,,BRCategoriaProcedimento,BR Categoria Procedimento,"","StructureDefinition/br-core-procedure,StructureDefinition/br-core-servicerequest","br.gov.saude.terminologia.fhir,Other"
https://terminologia.saude.gov.br/fhir/ValueSet/BRCondutaColposcopia,1.1.0,active,,BRCondutaColposcopia,BRCondutaColposcopia,"","StructureDefinition/br-core-diagnosticreport-conduta","Other"
https://terminologia.saude.gov.br/fhir/ValueSet/BRDesfechoProcedimento,1.1.0,active,,BRDesfechoProcedimento,BR Desfecho Procedimento,"","StructureDefinition/br-core-procedure","br.gov.saude.terminologia.fhir"
https://terminologia.saude.gov.br/fhir/ValueSet/BRDose,1.1.0,active,,BRDose,BR Dose,"","StructureDefinition/br-core-immunization","br.gov.saude.terminologia.fhir"
https://terminologia.saude.gov.br/fhir/ValueSet/BRElegibilidadeImunobiologico,1.1.0,active,,BRElegibilidadeImunobiologico,BR Elegibilidade Imunobiologico,"","StructureDefinition/br-core-immunization","br.gov.saude.terminologia.fhir"
https://terminologia.saude.gov.br/fhir/ValueSet/BREstrategiaVacinacao,1.1.0,active,,BREstrategiaVacinacao,BR Estrategia Vacinacao,"","StructureDefinition/br-core-immunization","br.gov.saude.terminologia.fhir"
https://terminologia.saude.gov.br/fhir/ValueSet/BRFormaOrganizacaoTabelaSUS,1.1.0,active,,BRFormaOrganizacaoTabelaSUS,BRFormaOrganizacaoTabelaSUS,"","StructureDefinition/br-core-slot,StructureDefinition/br-core-schedule","br.gov.saude.terminologia.fhir"
https://terminologia.saude.gov.br/fhir/ValueSet/BRFreqUsoSubstancia,1.1.0,active,,BRFreqUsoSubstancia,BRFreqUsoSubstancia,"","StructureDefinition/br-core-observationtobaccouse","LOINC"
https://terminologia.saude.gov.br/fhir/ValueSet/BRImunobiologico,1.1.0,active,,BRImunobiologico,BR Imunobiologico,"","StructureDefinition/br-core-immunization","br.gov.saude.terminologia.fhir"
https://terminologia.saude.gov.br/fhir/ValueSet/BRInstalacoesFisicas,1.1.0,active,,BRInstalacoesFisicas,BR Instalacoes Fisicas,"","StructureDefinition/br-core-location","br.gov.saude.terminologia.fhir"
https://terminologia.saude.gov.br/fhir/ValueSet/BRLocalAplicacao,1.1.0,active,,BRLocalAplicacao,BR Local Aplicacao,"","StructureDefinition/br-core-immunization","br.gov.saude.terminologia.fhir"
https://terminologia.saude.gov.br/fhir/ValueSet/BRModalidadeAssistencial,1.1.0,active,,BRModalidadeAssistencial,BR Modalidade Assistencial,"","StructureDefinition/br-core-appointment,StructureDefinition/br-core-slot,StructureDefinition/br-core-schedule,StructureDefinition/br-core-careteam,StructureDefinition/br-core-encounter","br.gov.saude.terminologia.fhir"
https://terminologia.saude.gov.br/fhir/ValueSet/BRMotivoDesfecho,1.1.0,active,,BRMotivoDesfecho,BR Motivo Desfecho,"","StructureDefinition/br-core-encounter","br.gov.saude.terminologia.fhir"
https://terminologia.saude.gov.br/fhir/ValueSet/BRMotivoProcedimentoNaoRealizado,1.1.0,active,,BRMotivoProcedimentoNaoRealizado,BR Motivo Procedimento Nao Realizado,"","StructureDefinition/br-core-procedure","br.gov.saude.terminologia.fhir"
https://terminologia.saude.gov.br/fhir/ValueSet/BROcupacao,1.1.0,active,,BROcupacao,BR Ocupacao,"","StructureDefinition/br-core-appointment,StructureDefinition/br-core-immunization,StructureDefinition/br-core-medicationrequest,StructureDefinition/br-core-practitioner,StructureDefinition/br-core-slot,StructureDefinition/br-core-careteam,StructureDefinition/br-core-practitionerrole,StructureDefinition/br-core-healthcareservice","br.gov.saude.terminologia.fhir"
https://terminologia.saude.gov.br/fhir/ValueSet/BROutrosProfissionais,1.1.0,draft,,BROutrosProfissionais,Conselhos regionais de outros profissionais da saúde do Brasil,"Conjunto de todos os conselhos regionais de outros profissionais da saúde do Brasil","StructureDefinition/br-core-practitioner","br.gov.saude.terminologia.fhir"
https://terminologia.saude.gov.br/fhir/ValueSet/BRPopulacaoTradicional,1.1.0,active,,BRPopulacaoTradicional,BR Populacao Tradicional,"","StructureDefinition/br-core-populacaotradicional","br.gov.saude.terminologia.fhir"
https://terminologia.saude.gov.br/fhir/ValueSet/BRPovoItinerante,1.1.0,active,,BRPovoItinerante,BR Povo Itinerante,"","StructureDefinition/br-core-povoitinerante","br.gov.saude.terminologia.fhir"
https://terminologia.saude.gov.br/fhir/ValueSet/BRProblemaDiagnostico,1.1.0,active,,BRProblemaDiagnostico,BR Problema Diagnostico,"","StructureDefinition/br-core-condition,StructureDefinition/br-core-procedure","br.gov.saude.terminologia.fhir"
https://terminologia.saude.gov.br/fhir/ValueSet/BRProcedencia,1.1.0,active,,BRProcedencia,BR Procedencia,"","StructureDefinition/br-core-encounter","br.gov.saude.terminologia.fhir"
https://terminologia.saude.gov.br/fhir/ValueSet/BRProcedimentosNacionais,1.1.0,active,,BRProcedimentosNacionais,BR Procedimentos Nacionais,"","StructureDefinition/br-core-appointment,StructureDefinition/br-core-procedure,StructureDefinition/br-core-servicerequest","Other"
https://terminologia.saude.gov.br/fhir/ValueSet/BRProgramaSaude,1.1.0,active,,BRProgramaSaude,BR Programa Saude,"","StructureDefinition/br-core-healthcareservice","br.gov.saude.terminologia.fhir"
https://terminologia.saude.gov.br/fhir/ValueSet/BRReacoesAdversasMedDRA,1.1.0,active,,BRReacoesAdversasMedDRA,BR Reacoes Adversas Med DRA,"","StructureDefinition/br-core-allergyintolerance","br.gov.saude.terminologia.fhir"
https://terminologia.saude.gov.br/fhir/ValueSet/BRReasonEncounter,1.1.0,active,,BRReasonEncounter,BR Reason Encounter,"","StructureDefinition/br-core-encounter","br.gov.saude.terminologia.fhir"
https://terminologia.saude.gov.br/fhir/ValueSet/BRRegistroOrigem,1.1.0,active,,BRRegistroOrigem,BR Registro Origem,"","StructureDefinition/br-core-immunization","br.gov.saude.terminologia.fhir"
https://terminologia.saude.gov.br/fhir/ValueSet/BRResponsabilidadeParticipante,1.1.0,active,,BRResponsabilidadeParticipante,BR Responsabilidade Participante,"","StructureDefinition/br-core-encounter","br.gov.saude.terminologia.fhir"
https://terminologia.saude.gov.br/fhir/ValueSet/BRServicoEspecializado,1.1.0,active,,BRServicoEspecializado,BR Servico Especializado,"","StructureDefinition/br-core-diagnosticreport,StructureDefinition/br-core-healthcareservice,StructureDefinition/br-core-encounter,StructureDefinition/br-core-location","br.gov.saude.terminologia.fhir"
https://terminologia.saude.gov.br/fhir/ValueSet/BRSinaisVitais,1.1.0,active,,BRSinaisVitais,BR Sinais Vitais,"","StructureDefinition/br-core-vitalsigns","LOINC"
https://terminologia.saude.gov.br/fhir/ValueSet/BRTerminologiaSuspeitaDiagnostica,1.1.0,active,,BRTerminologiaSuspeitaDiagnostica,BR Terminologia Suspeita Diagnostica,"","StructureDefinition/br-core-capacidadefuncional","br.gov.saude.terminologia.fhir"
https://terminologia.saude.gov.br/fhir/ValueSet/BRTipoAleitamentoMaterno,1.1.0,active,,BRTipoAleitamentoMaterno,BR Tipo Aleitamento Materno,"","StructureDefinition/br-core-observationbreastfeedingstatus","br.gov.saude.terminologia.fhir"
https://terminologia.saude.gov.br/fhir/ValueSet/BRTipoAmostra,1.1.0,active,,BRTipoAmostra,BR Tipo Amostra,"","StructureDefinition/br-core-specimen","br.gov.saude.terminologia.fhir,THO (V2)"
https://terminologia.saude.gov.br/fhir/ValueSet/BRTipoDocumentoIndividuo,1.1.0,active,,BRTipoDocumentoIndividuo,BR Tipo Documento Individuo,"","StructureDefinition/br-core-practitioner,StructureDefinition/br-core-patient","br.gov.saude.terminologia.fhir,THO (V2)"
https://terminologia.saude.gov.br/fhir/ValueSet/BRTipoEstabelecimentoSaude,1.1.0,active,,BRTipoEstabelecimentoSaude,BR Tipo Estabelecimento Saude,"","StructureDefinition/br-core-organization,StructureDefinition/br-core-healthcareservice","br.gov.saude.terminologia.fhir"
https://terminologia.saude.gov.br/fhir/ValueSet/BRTipoParticipante,1.1.0,active,,BRTipoParticipante,BR Tipo Participante,"","StructureDefinition/br-core-appointment","br.gov.saude.terminologia.fhir"
https://terminologia.saude.gov.br/fhir/ValueSet/BRViaAdministracao,1.1.0,active,,BRViaAdministracao,BR Via Administracao,"","StructureDefinition/br-core-immunization","br.gov.saude.terminologia.fhir"
https://terminologia.saude.gov.br/fhir/ValueSet/TipoConvenio,1.1.0,active,,TipoConvenio,Tipo Convenio,"","StructureDefinition/br-core-healthcareservice","br.gov.saude.terminologia.fhir"
